[{"model": "admin.logentry", "pk": 1, "fields": {"action_time": "2025-10-30T05:28:04.703Z", "user": 1, "content_type": 7, "object_id": "1", "object_repr": "Barbeque Nation", "action_flag": 1, "change_message": "[{\"added\": {}}]"}}, {"model": "admin.logentry", "pk": 2, "fields": {"action_time": "2025-10-30T05:31:16.620Z", "user": 1, "content_type": 7, "object_id": "2", "object_repr": "Mocha", "action_flag": 1, "change_message": "[{\"added\": {}}]"}}, {"model": "admin.logentry", "pk": 3, "fields": {"action_time": "2025-10-30T05:32:41.423Z", "user": 1, "content_type": 7, "object_id": "3", "object_repr": "Chicken Kebab", "action_flag": 1, "change_message": "[{\"added\": {}}]"}}, {"model": "admin.logentry", "pk": 4, "fields": {"action_time": "2025-10-30T05:35:18.470Z", "user": 1, "content_type": 7, "object_id": "4", "object_repr": "Prime Dine Restaurant", "action_flag": 1, "change_message": "[{\"added\": {}}]"}}, {"model": "admin.logentry", "pk": 5, "fields": {"action_time": "2025-10-30T05:37:26.855Z", "user": 1, "content_type": 7, "object_id": "4", "object_repr": "Prime Dine Restaurant", "action_flag": 3, "change_message": ""}}, {"model": "admin.logentry", "pk": 6, "fields": {"action_time": "2025-10-30T05:37:59.537Z", "user": 1, "content_type": 7, "object_id": "5", "object_repr": "Prime Dine Restaurant", "action_flag": 1, "change_message": "[{\"added\": {}}]"}}, {"model": "admin.logentry", "pk": 7, "fields": {"action_time": "2025-10-30T05:39:39.497Z", "user": 1, "content_type": 7, "object_id": "6", "object_repr": "Yankee Sizzlers", "action_flag": 1, "change_message": "[{\"added\": {}}]"}}, {"model": "admin.logentry", "pk": 8, "fields": {"action_time": "2025-10-30T05:47:08.373Z", "user": 1, "content_type": 7, "object_id": "5", "object_repr": "Prime Dine Restaurant", "action_flag": 2, "change_message": "[{\"changed\": {\"fields\": [\"Cuisine\"]}}]"}}, {"model": "admin.logentry", "pk": 9, "fields": {"action_time": "2025-10-30T06:12:41.942Z", "user": 1, "content_type": 16, "object_id": "1", "object_repr": "Starters (Barbeque Nation)", "action_flag": 1, "change_message": "[{\"added\": {}}]"}}, {"model": "admin.logentry", "pk": 10, "fields": {"action_time": "2025-10-30T06:13:04.151Z", "user": 1, "content_type": 16, "object_id": "2", "object_repr": "Main Course (Barbeque Nation)", "action_flag": 1, "change_message": "[{\"added\": {}}]"}}, {"model": "admin.logentry", "pk": 11, "fields": {"action_time": "2025-10-30T06:13:26.900Z", "user": 1, "content_type": 16, "object_id": "3", "object_repr": "Desserts (Barbeque Nation)", "action_flag": 1, "change_message": "[{\"added\": {}}]"}}, {"model": "admin.logentry", "pk": 12, "fields": {"action_time": "2025-10-30T06:14:01.595Z", "user": 1, "content_type": 16, "object_id": "4", "object_repr": "Buffet Specials (Barbeque Nation)", "action_flag": 1, "change_message": "[{\"added\": {}}]"}}, {"model": "admin.logentry", "pk": 13, "fields": {"action_time": "2025-10-30T06:14:37.270Z", "user": 1, "content_type": 15, "object_id": "1", "object_repr": "Veg Starters (Starters)", "action_flag": 1, "change_message": "[{\"added\": {}}]"}}, {"model": "admin.logentry", "pk": 14, "fields": {"action_time": "2025-10-30T06:15:28.636Z", "user": 1, "content_type": 15, "object_id": "2", "object_repr": "Non-Veg Starters (Starters)", "action_flag": 1, "change_message": "[{\"added\": {}}]"}}, {"model": "admin.logentry", "pk": 15, "fields": {"action_time": "2025-10-30T06:16:15.160Z", "user": 1, "content_type": 15, "object_id": "3", "object_repr": "Soups (Starters)", "action_flag": 1, "change_message": "[{\"added\": {}}]"}}, {"model": "admin.logentry", "pk": 16, "fields": {"action_time": "2025-10-30T06:16:39.979Z", "user": 1, "content_type": 15, "object_id": "4", "object_repr": "Salads (Starters)", "action_flag": 1, "change_message": "[{\"added\": {}}]"}}, {"model": "admin.logentry", "pk": 17, "fields": {"action_time": "2025-10-30T06:17:03.358Z", "user": 1, "content_type": 15, "object_id": "5", "object_repr": "North Indian (Main Course)", "action_flag": 1, "change_message": "[{\"added\": {}}]"}}, {"model": "admin.logentry", "pk": 18, "fields": {"action_time": "2025-10-30T06:17:26.608Z", "user": 1, "content_type": 15, "object_id": "6", "object_repr": "Chinese (Main Course)", "action_flag": 1, "change_message": "[{\"added\": {}}]"}}, {"model": "admin.logentry", "pk": 19, "fields": {"action_time": "2025-10-30T06:17:48.754Z", "user": 1, "content_type": 15, "object_id": "7", "object_repr": "Continental (Main Course)", "action_flag": 1, "change_message": "[{\"added\": {}}]"}}, {"model": "admin.logentry", "pk": 20, "fields": {"action_time": "2025-10-30T06:18:21.160Z", "user": 1, "content_type": 15, "object_id": "8", "object_repr": "Ice-Creams (Desserts)", "action_flag": 1, "change_message": "[{\"added\": {}}]"}}, {"model": "admin.logentry", "pk": 21, "fields": {"action_time": "2025-10-30T06:19:42.987Z", "user": 1, "content_type": 15, "object_id": "9", "object_repr": "Lunch Buffet (Buffet Specials)", "action_flag": 1, "change_message": "[{\"added\": {}}]"}}, {"model": "admin.logentry", "pk": 22, "fields": {"action_time": "2025-10-30T06:20:12.090Z", "user": 1, "content_type": 15, "object_id": "10", "object_repr": "Weekend Specials (Buffet Specials)", "action_flag": 1, "change_message": "[{\"added\": {}}]"}}, {"model": "admin.logentry", "pk": 23, "fields": {"action_time": "2025-10-30T06:20:34.255Z", "user": 1, "content_type": 15, "object_id": "11", "object_repr": "Dinner Buffet (Buffet Specials)", "action_flag": 1, "change_message": "[{\"added\": {}}]"}}, {"model": "admin.logentry", "pk": 24, "fields": {"action_time": "2025-10-30T06:21:25.676Z", "user": 1, "content_type": 16, "object_id": "5", "object_repr": "Drinks (Barbeque Nation)", "action_flag": 1, "change_message": "[{\"added\": {}}]"}}, {"model": "admin.logentry", "pk": 25, "fields": {"action_time": "2025-10-30T06:22:01.090Z", "user": 1, "content_type": 15, "object_id": "12", "object_repr": "Mocktails (Drinks)", "action_flag": 1, "change_message": "[{\"added\": {}}]"}}, {"model": "admin.logentry", "pk": 26, "fields": {"action_time": "2025-10-30T06:22:14.620Z", "user": 1, "content_type": 15, "object_id": "13", "object_repr": "Shakes (Drinks)", "action_flag": 1, "change_message": "[{\"added\": {}}]"}}, {"model": "admin.logentry", "pk": 27, "fields": {"action_time": "2025-10-30T06:22:26.330Z", "user": 1, "content_type": 15, "object_id": "14", "object_repr": "Juices (Drinks)", "action_flag": 1, "change_message": "[{\"added\": {}}]"}}, {"model": "admin.logentry", "pk": 28, "fields": {"action_time": "2025-10-30T06:22:46.421Z", "user": 1, "content_type": 15, "object_id": "15", "object_repr": "Soft Drinks (Drinks)", "action_flag": 1, "change_message": "[{\"added\": {}}]"}}, {"model": "admin.logentry", "pk": 29, "fields": {"action_time": "2025-10-30T06:41:52.085Z", "user": 1, "content_type": 7, "object_id": "1", "object_repr": "Barbeque Nation", "action_flag": 2, "change_message": "[{\"changed\": {\"fields\": [\"Description\"]}}]"}}, {"model": "admin.logentry", "pk": 30, "fields": {"action_time": "2025-10-30T06:43:00.800Z", "user": 1, "content_type": 7, "object_id": "1", "object_repr": "Barbeque Nation", "action_flag": 2, "change_message": "[]"}}, {"model": "admin.logentry", "pk": 31, "fields": {"action_time": "2025-10-30T06:47:36.149Z", "user": 1, "content_type": 8, "object_id": "1", "object_repr": "Paneer Tikka (Starters ΓåÆ Veg Starters) - Barbeque Nation", "action_flag": 1, "change_message": "[{\"added\": {}}]"}}, {"model": "admin.logentry", "pk": 32, "fields": {"action_time": "2025-10-30T06:49:41.829Z", "user": 1, "content_type": 8, "object_id": "2", "object_repr": "Crispy Corn (Starters ΓåÆ Veg Starters) - Barbeque Nation", "action_flag": 1, "change_message": "[{\"added\": {}}]"}}, {"model": "admin.logentry", "pk": 33, "fields": {"action_time": "2025-10-30T06:51:11.046Z", "user": 1, "content_type": 8, "object_id": "3", "object_repr": "Grilled Mushroom Skewers (Starters ΓåÆ Veg Starters) - Barbeque Nation", "action_flag": 1, "change_message": "[{\"added\": {}}]"}}, {"model": "admin.logentry", "pk": 34, "fields": {"action_time": "2025-10-30T06:52:34.385Z", "user": 1, "content_type": 8, "object_id": "4", "object_repr": "Tandoori Veg Seekh (Starters ΓåÆ Veg Starters) - Barbeque Nation", "action_flag": 1, "change_message": "[{\"added\": {}}]"}}, {"model": "admin.logentry", "pk": 35, "fields": {"action_time": "2025-10-30T07:42:13.605Z", "user": 1, "content_type": 8, "object_id": "5", "object_repr": "coco cola (Drinks ΓåÆ Soft Drinks) - Barbeque Nation", "action_flag": 1, "change_message": "[{\"added\": {}}]"}}, {"model": "admin.logentry", "pk": 36, "fields": {"action_time": "2025-10-30T07:42:44.729Z", "user": 1, "content_type": 8, "object_id": "5", "object_repr": "coco cola (Drinks ΓåÆ Soft Drinks) - Barbeque Nation", "action_flag": 3, "change_message": ""}}, {"model": "admin.logentry", "pk": 37, "fields": {"action_time": "2025-10-30T08:03:15.869Z", "user": 1, "content_type": 8, "object_id": "6", "object_repr": "Barbeque Nation (Starters ΓåÆ Non-Veg Starters) - Barbeque Nation", "action_flag": 1, "change_message": "[{\"added\": {}}]"}}, {"model": "admin.logentry", "pk": 38, "fields": {"action_time": "2025-10-30T08:08:26.974Z", "user": 1, "content_type": 8, "object_id": "6", "object_repr": "Barbeque Nation (Starters ΓåÆ Non-Veg Starters) - Barbeque Nation", "action_flag": 2, "change_message": "[{\"changed\": {\"fields\": [\"Price\", \"Item image url\", \"Description\"]}}]"}}, {"model": "admin.logentry", "pk": 39, "fields": {"action_time": "2025-10-30T08:10:45.519Z", "user": 1, "content_type": 8, "object_id": "6", "object_repr": "Chicken Tikka (Starters ΓåÆ Non-Veg Starters) - Barbeque Nation", "action_flag": 2, "change_message": "[{\"changed\": {\"fields\": [\"Name\", \"Item image url\"]}}]"}}, {"model": "admin.logentry", "pk": 40, "fields": {"action_time": "2025-10-30T08:12:35.546Z", "user": 1, "content_type": 8, "object_id": "7", "object_repr": "Mutton Seekh Kebab (Starters ΓåÆ Non-Veg Starters) - Barbeque Nation", "action_flag": 1, "change_message": "[{\"added\": {}}]"}}, {"model": "admin.logentry", "pk": 41, "fields": {"action_time": "2025-10-30T08:15:41.800Z", "user": 1, "content_type": 8, "object_id": "8", "object_repr": "Prawns Tandoori (Starters ΓåÆ Non-Veg Starters) - Barbeque Nation", "action_flag": 1, "change_message": "[{\"added\": {}}]"}}, {"model": "admin.logentry", "pk": 42, "fields": {"action_time": "2025-10-30T08:17:11.466Z", "user": 1, "content_type": 8, "object_id": "9", "object_repr": "BBQ Fish Tikka (Starters ΓåÆ Non-Veg Starters) - Barbeque Nation", "action_flag": 1, "change_message": "[{\"added\": {}}]"}}, {"model": "admin.logentry", "pk": 43, "fields": {"action_time": "2025-10-30T09:16:32.670Z", "user": 1, "content_type": 15, "object_id": "16", "object_repr": "Barbeque Nation (Starters)", "action_flag": 1, "change_message": "[{\"added\": {}}]"}}, {"model": "admin.logentry", "pk": 44, "fields": {"action_time": "2025-10-30T09:16:46.786Z", "user": 1, "content_type": 15, "object_id": "16", "object_repr": "Barbeque Nation (Starters)", "action_flag": 3, "change_message": ""}}, {"model": "admin.logentry", "pk": 45, "fields": {"action_time": "2025-10-30T09:19:13.099Z", "user": 1, "content_type": 15, "object_id": "17", "object_repr": "Non Veg-Main Course (Main Course)", "action_flag": 1, "change_message": "[{\"added\": {}}]"}}, {"model": "admin.logentry", "pk": 46, "fields": {"action_time": "2025-10-30T09:21:26.986Z", "user": 1, "content_type": 8, "object_id": "10", "object_repr": "Paneer Butter Masala (Main Course ΓåÆ North Indian) - Barbeque Nation", "action_flag": 1, "change_message": "[{\"added\": {}}]"}}, {"model": "admin.logentry", "pk": 47, "fields": {"action_time": "2025-10-30T09:23:10.229Z", "user": 1, "content_type": 8, "object_id": "11", "object_repr": "Dal Makhani (Main Course ΓåÆ North Indian) - Barbeque Nation", "action_flag": 1, "change_message": "[{\"added\": {}}]"}}, {"model": "admin.logentry", "pk": 48, "fields": {"action_time": "2025-10-30T09:24:28.361Z", "user": 1, "content_type": 8, "object_id": "12", "object_repr": "Veg Biryani (Main Course ΓåÆ North Indian) - Barbeque Nation", "action_flag": 1, "change_message": "[{\"added\": {}}]"}}, {"model": "admin.logentry", "pk": 49, "fields": {"action_time": "2025-10-30T09:25:43.355Z", "user": 1, "content_type": 8, "object_id": "13", "object_repr": "Kadai Paneer (Main Course ΓåÆ North Indian) - Barbeque Nation", "action_flag": 1, "change_message": "[{\"added\": {}}]"}}, {"model": "admin.logentry", "pk": 50, "fields": {"action_time": "2025-10-30T09:27:20.747Z", "user": 1, "content_type": 8, "object_id": "14", "object_repr": "jeera rice (Main Course ΓåÆ North Indian) - Barbeque Nation", "action_flag": 1, "change_message": "[{\"added\": {}}]"}}, {"model": "admin.logentry", "pk": 51, "fields": {"action_time": "2025-10-30T09:28:59.783Z", "user": 1, "content_type": 8, "object_id": "15", "object_repr": "Chicken Biryani (Main Course ΓåÆ Non Veg-Main Course) - Barbeque Nation", "action_flag": 1, "change_message": "[{\"added\": {}}]"}}, {"model": "admin.logentry", "pk": 52, "fields": {"action_time": "2025-10-30T09:30:23.561Z", "user": 1, "content_type": 15, "object_id": "5", "object_repr": "Veg Main Course (Main Course)", "action_flag": 2, "change_message": "[{\"changed\": {\"fields\": [\"Name\"]}}]"}}, {"model": "admin.logentry", "pk": 53, "fields": {"action_time": "2025-10-30T09:31:07.361Z", "user": 1, "content_type": 15, "object_id": "17", "object_repr": "Non -Veg Main Course (Main Course)", "action_flag": 2, "change_message": "[{\"changed\": {\"fields\": [\"Name\"]}}]"}}, {"model": "admin.logentry", "pk": 54, "fields": {"action_time": "2025-10-30T09:35:13.431Z", "user": 1, "content_type": 8, "object_id": "16", "object_repr": "Butter Chicken (Main Course ΓåÆ Non -Veg Main Course) - Barbeque Nation", "action_flag": 1, "change_message": "[{\"added\": {}}]"}}, {"model": "admin.logentry", "pk": 55, "fields": {"action_time": "2025-10-30T09:41:10.158Z", "user": 1, "content_type": 8, "object_id": "17", "object_repr": "Mutton Rogan Josh (Starters ΓåÆ Non -Veg Main Course) - Barbeque Nation", "action_flag": 1, "change_message": "[{\"added\": {}}]"}}, {"model": "admin.logentry", "pk": 56, "fields": {"action_time": "2025-10-30T09:43:30.726Z", "user": 1, "content_type": 8, "object_id": "18", "object_repr": "Egg Curry (Main Course ΓåÆ Non -Veg Main Course) - Barbeque Nation", "action_flag": 1, "change_message": "[{\"added\": {}}]"}}, {"model": "admin.logentry", "pk": 57, "fields": {"action_time": "2025-10-30T09:43:42.845Z", "user": 1, "content_type": 8, "object_id": "17", "object_repr": "Mutton Rogan Josh (Main Course ΓåÆ Non -Veg Main Course) - Barbeque Nation", "action_flag": 2, "change_message": "[{\"changed\": {\"fields\": [\"Category\"]}}]"}}, {"model": "admin.logentry", "pk": 58, "fields": {"action_time": "2025-10-30T09:45:14.809Z", "user": 1, "content_type": 15, "object_id": "17", "object_repr": "Non-Veg Main Course (Main Course)", "action_flag": 2, "change_message": "[{\"changed\": {\"fields\": [\"Name\"]}}]"}}, {"model": "admin.logentry", "pk": 59, "fields": {"action_time": "2025-10-30T09:52:23.230Z", "user": 1, "content_type": 16, "object_id": "4", "object_repr": "Barbeque in a Box (Serves 2-3)  Veg (Barbeque Nation)", "action_flag": 2, "change_message": "[{\"changed\": {\"fields\": [\"Name\"]}}]"}}, {"model": "admin.logentry", "pk": 60, "fields": {"action_time": "2025-10-30T09:52:41.613Z", "user": 1, "content_type": 16, "object_id": "6", "object_repr": "Barbeque in a Box (Serves 2-3) (Non-Veg) (Barbeque Nation)", "action_flag": 1, "change_message": "[{\"added\": {}}]"}}, {"model": "admin.logentry", "pk": 61, "fields": {"action_time": "2025-10-30T09:55:05.114Z", "user": 1, "content_type": 8, "object_id": "19", "object_repr": "Barbeque in a Box (Serves 2-3) (Barbeque in a Box (Serves 2-3) (Non-Veg) ΓåÆ Lunch Buffet) - Barbeque Nation", "action_flag": 1, "change_message": "[{\"added\": {}}]"}}, {"model": "admin.logentry", "pk": 62, "fields": {"action_time": "2025-10-30T09:57:17.874Z", "user": 1, "content_type": 8, "object_id": "20", "object_repr": "Super Saver Box Non Veg (Barbeque in a Box (Serves 2-3) (Non-Veg) ΓåÆ Dinner Buffet) - Barbeque Nation", "action_flag": 1, "change_message": "[{\"added\": {}}]"}}, {"model": "admin.logentry", "pk": 63, "fields": {"action_time": "2025-10-30T09:57:29.949Z", "user": 1, "content_type": 8, "object_id": "20", "object_repr": "Super Saver Box Non Veg (Barbeque in a Box (Serves 2-3) (Non-Veg) ΓåÆ Dinner Buffet) - Barbeque Nation", "action_flag": 2, "change_message": "[{\"changed\": {\"fields\": [\"Item type\"]}}]"}}, {"model": "admin.logentry", "pk": 64, "fields": {"action_time": "2025-10-30T09:58:21.879Z", "user": 1, "content_type": 15, "object_id": "10", "object_repr": "Weekend Specials (Barbeque in a Box (Serves 2-3)  Veg)", "action_flag": 3, "change_message": ""}}, {"model": "admin.logentry", "pk": 65, "fields": {"action_time": "2025-10-30T09:58:37.780Z", "user": 1, "content_type": 15, "object_id": "9", "object_repr": "Lunch Buffet (Barbeque in a Box (Serves 2-3)  Veg)", "action_flag": 3, "change_message": ""}}, {"model": "admin.logentry", "pk": 66, "fields": {"action_time": "2025-10-30T09:59:22.617Z", "user": 1, "content_type": 15, "object_id": "11", "object_repr": "Dinner Buffet (Barbeque in a Box (Serves 2-3)  Veg)", "action_flag": 2, "change_message": "[]"}}, {"model": "admin.logentry", "pk": 67, "fields": {"action_time": "2025-10-30T10:00:09.883Z", "user": 1, "content_type": 16, "object_id": "6", "object_repr": "Barbeque in a Box (Serves 2-3) (Barbeque Nation)", "action_flag": 2, "change_message": "[{\"changed\": {\"fields\": [\"Name\"]}}]"}}, {"model": "admin.logentry", "pk": 68, "fields": {"action_time": "2025-10-30T10:00:21.496Z", "user": 1, "content_type": 16, "object_id": "4", "object_repr": "Barbeque in a Box (Serves 2-3)  Veg (Barbeque Nation)", "action_flag": 3, "change_message": ""}}, {"model": "admin.logentry", "pk": 69, "fields": {"action_time": "2025-10-30T10:01:23.674Z", "user": 1, "content_type": 15, "object_id": "18", "object_repr": "Super Saver Barbeque In A Box (Flat 40% Off) (Barbeque in a Box (Serves 2-3))", "action_flag": 1, "change_message": "[{\"added\": {}}]"}}, {"model": "admin.logentry", "pk": 70, "fields": {"action_time": "2025-10-30T10:02:16.663Z", "user": 1, "content_type": 8, "object_id": "21", "object_repr": "Super Saver Box Veg (Barbeque in a Box (Serves 2-3) ΓåÆ Super Saver Barbeque In A Box (Flat 40% Off)) - Barbeque Nation", "action_flag": 1, "change_message": "[{\"added\": {}}]"}}, {"model": "admin.logentry", "pk": 71, "fields": {"action_time": "2025-10-30T10:03:47.155Z", "user": 1, "content_type": 15, "object_id": "18", "object_repr": "Super Saver Barbeque In A Box  Veg (Barbeque in a Box (Serves 2-3))", "action_flag": 2, "change_message": "[{\"changed\": {\"fields\": [\"Name\"]}}]"}}, {"model": "admin.logentry", "pk": 72, "fields": {"action_time": "2025-10-30T10:04:15.942Z", "user": 1, "content_type": 15, "object_id": "19", "object_repr": "Super Saver Barbeque In A Box Non- Veg (Barbeque in a Box (Serves 2-3))", "action_flag": 1, "change_message": "[{\"added\": {}}]"}}, {"model": "admin.logentry", "pk": 73, "fields": {"action_time": "2025-10-30T10:05:14.412Z", "user": 1, "content_type": 8, "object_id": "22", "object_repr": "Super Saver Box Non Veg (Barbeque in a Box (Serves 2-3) ΓåÆ Super Saver Barbeque In A Box Non- Veg) - Barbeque Nation", "action_flag": 1, "change_message": "[{\"added\": {}}]"}}, {"model": "admin.logentry", "pk": 74, "fields": {"action_time": "2025-10-30T10:05:59.803Z", "user": 1, "content_type": 8, "object_id": "22", "object_repr": "Super Saver Box Non Veg (Barbeque in a Box (Serves 2-3) ΓåÆ Super Saver Barbeque In A Box Non- Veg) - Barbeque Nation", "action_flag": 2, "change_message": "[{\"changed\": {\"fields\": [\"Description\"]}}]"}}, {"model": "admin.logentry", "pk": 75, "fields": {"action_time": "2025-10-30T10:10:25.478Z", "user": 1, "content_type": 16, "object_id": "7", "object_repr": "Pizzas & Pastas (Mocha)", "action_flag": 1, "change_message": "[{\"added\": {}}]"}}, {"model": "admin.logentry", "pk": 76, "fields": {"action_time": "2025-10-30T10:10:45.083Z", "user": 1, "content_type": 16, "object_id": "3", "object_repr": "Desserts (Barbeque Nation)", "action_flag": 3, "change_message": ""}}, {"model": "admin.logentry", "pk": 77, "fields": {"action_time": "2025-10-30T10:12:07.261Z", "user": 1, "content_type": 16, "object_id": "8", "object_repr": "Mocha Mains (Mocha)", "action_flag": 1, "change_message": "[{\"added\": {}}]"}}, {"model": "admin.logentry", "pk": 78, "fields": {"action_time": "2025-10-30T10:12:35.421Z", "user": 1, "content_type": 16, "object_id": "9", "object_repr": "Cooler & Smoothies (Mocha)", "action_flag": 1, "change_message": "[{\"added\": {}}]"}}, {"model": "admin.logentry", "pk": 79, "fields": {"action_time": "2025-10-30T10:13:52.501Z", "user": 1, "content_type": 15, "object_id": "20", "object_repr": "Pizzas & Pastas (Pizzas & Pastas)", "action_flag": 1, "change_message": "[{\"added\": {}}]"}}, {"model": "admin.logentry", "pk": 80, "fields": {"action_time": "2025-10-30T10:15:14.188Z", "user": 1, "content_type": 8, "object_id": "23", "object_repr": "Pink Sauce Penne Pasta (Pizzas & Pastas ΓåÆ Pizzas & Pastas) - Mocha", "action_flag": 1, "change_message": "[{\"added\": {}}]"}}, {"model": "admin.logentry", "pk": 81, "fields": {"action_time": "2025-10-30T10:16:16.125Z", "user": 1, "content_type": 8, "object_id": "24", "object_repr": "Pink Sauce Penne Pasta (Pizzas & Pastas ΓåÆ Pizzas & Pastas) - Mocha", "action_flag": 1, "change_message": "[{\"added\": {}}]"}}, {"model": "admin.logentry", "pk": 82, "fields": {"action_time": "2025-10-30T10:16:31.814Z", "user": 1, "content_type": 15, "object_id": "20", "object_repr": "Pizzas (Pizzas & Pastas)", "action_flag": 2, "change_message": "[{\"changed\": {\"fields\": [\"Name\"]}}]"}}, {"model": "admin.logentry", "pk": 83, "fields": {"action_time": "2025-10-30T10:16:39.542Z", "user": 1, "content_type": 8, "object_id": "24", "object_repr": "Pink Sauce Penne Pasta (Pizzas & Pastas ΓåÆ Pizzas) - Mocha", "action_flag": 2, "change_message": "[]"}}, {"model": "admin.logentry", "pk": 84, "fields": {"action_time": "2025-10-30T10:17:46.359Z", "user": 1, "content_type": 8, "object_id": "24", "object_repr": "Pink Sauce Penne Pasta (Pizzas & Pastas ΓåÆ Pizzas) - Mocha", "action_flag": 3, "change_message": ""}}, {"model": "admin.logentry", "pk": 85, "fields": {"action_time": "2025-10-30T10:18:05.348Z", "user": 1, "content_type": 15, "object_id": "20", "object_repr": "Pastas (Pizzas & Pastas)", "action_flag": 2, "change_message": "[{\"changed\": {\"fields\": [\"Name\"]}}]"}}, {"model": "admin.logentry", "pk": 86, "fields": {"action_time": "2025-10-30T10:18:09.185Z", "user": 1, "content_type": 8, "object_id": "23", "object_repr": "Pink Sauce Penne Pasta (Pizzas & Pastas ΓåÆ Pastas) - Mocha", "action_flag": 2, "change_message": "[]"}}, {"model": "admin.logentry", "pk": 87, "fields": {"action_time": "2025-10-30T10:19:25.542Z", "user": 1, "content_type": 8, "object_id": "25", "object_repr": "All American Mac and Cheese Pasta (Pizzas & Pastas ΓåÆ Pastas) - Mocha", "action_flag": 1, "change_message": "[{\"added\": {}}]"}}, {"model": "admin.logentry", "pk": 88, "fields": {"action_time": "2025-10-30T10:20:38.243Z", "user": 1, "content_type": 8, "object_id": "26", "object_repr": "Wild Mushroom Spaghetti Pasta (Pizzas & Pastas ΓåÆ Pastas) - Mocha", "action_flag": 1, "change_message": "[{\"added\": {}}]"}}, {"model": "admin.logentry", "pk": 89, "fields": {"action_time": "2025-10-30T10:21:00.695Z", "user": 1, "content_type": 15, "object_id": "21", "object_repr": "Pizza (Pizzas & Pastas)", "action_flag": 1, "change_message": "[{\"added\": {}}]"}}, {"model": "admin.logentry", "pk": 90, "fields": {"action_time": "2025-10-30T10:21:41.251Z", "user": 1, "content_type": 8, "object_id": "27", "object_repr": "Farm Fresh Pizza (Pizzas & Pastas ΓåÆ Pizza) - Mocha", "action_flag": 1, "change_message": "[{\"added\": {}}]"}}, {"model": "admin.logentry", "pk": 91, "fields": {"action_time": "2025-10-30T10:22:33.936Z", "user": 1, "content_type": 8, "object_id": "28", "object_repr": "Meatzaaa Pizza (Mocha Mains ΓåÆ Pizza) - Mocha", "action_flag": 1, "change_message": "[{\"added\": {}}]"}}, {"model": "admin.logentry", "pk": 92, "fields": {"action_time": "2025-10-30T10:23:15.461Z", "user": 1, "content_type": 8, "object_id": "28", "object_repr": "Meatzaaa Pizza (Pizzas & Pastas ΓåÆ Pizza) - Mocha", "action_flag": 2, "change_message": "[{\"changed\": {\"fields\": [\"Category\"]}}]"}}, {"model": "admin.logentry", "pk": 93, "fields": {"action_time": "2025-10-30T10:26:34.454Z", "user": 1, "content_type": 15, "object_id": "22", "object_repr": "Cooler & Smoothies (Mocha Mains)", "action_flag": 1, "change_message": "[{\"added\": {}}]"}}, {"model": "admin.logentry", "pk": 94, "fields": {"action_time": "2025-10-30T10:27:17.275Z", "user": 1, "content_type": 8, "object_id": "29", "object_repr": "Pink Lemonade (Mocha Mains ΓåÆ Cooler & Smoothies) - Mocha", "action_flag": 1, "change_message": "[{\"added\": {}}]"}}, {"model": "admin.logentry", "pk": 95, "fields": {"action_time": "2025-10-30T10:28:27.837Z", "user": 1, "content_type": 8, "object_id": "30", "object_repr": "Pineapple Juice (Mocha Mains ΓåÆ Cooler & Smoothies) - Barbeque Nation", "action_flag": 1, "change_message": "[{\"added\": {}}]"}}, {"model": "admin.logentry", "pk": 96, "fields": {"action_time": "2025-10-30T10:29:33.217Z", "user": 1, "content_type": 8, "object_id": "31", "object_repr": "Miami Melons (Mocha Mains ΓåÆ Cooler & Smoothies) - Mocha", "action_flag": 1, "change_message": "[{\"added\": {}}]"}}, {"model": "admin.logentry", "pk": 97, "fields": {"action_time": "2025-10-30T10:30:52.585Z", "user": 1, "content_type": 8, "object_id": "32", "object_repr": "Kiwi Mojito (Mocha Mains ΓåÆ Cooler & Smoothies) - Mocha", "action_flag": 1, "change_message": "[{\"added\": {}}]"}}, {"model": "admin.logentry", "pk": 98, "fields": {"action_time": "2025-10-30T10:32:03.246Z", "user": 1, "content_type": 8, "object_id": "33", "object_repr": "Kiwi Banana and Honey Smoothie (Mocha Mains ΓåÆ Cooler & Smoothies) - Mocha", "action_flag": 1, "change_message": "[{\"added\": {}}]"}}, {"model": "admin.logentry", "pk": 99, "fields": {"action_time": "2025-10-30T13:35:00.489Z", "user": 1, "content_type": 8, "object_id": "30", "object_repr": "Pineapple Juice (Mocha Mains ΓåÆ Cooler & Smoothies) - Mocha", "action_flag": 2, "change_message": "[{\"changed\": {\"fields\": [\"Restaurant\"]}}]"}}, {"model": "admin.logentry", "pk": 100, "fields": {"action_time": "2025-10-30T13:44:16.246Z", "user": 1, "content_type": 7, "object_id": "3", "object_repr": "The Penthouse Chapter One", "action_flag": 2, "change_message": "[{\"changed\": {\"fields\": [\"Name\", \"Cuisine\", \"Rating\", \"Description\"]}}]"}}, {"model": "admin.logentry", "pk": 101, "fields": {"action_time": "2025-10-30T13:46:15.742Z", "user": 1, "content_type": 16, "object_id": "10", "object_repr": "Burger (The Penthouse Chapter One)", "action_flag": 1, "change_message": "[{\"added\": {}}]"}}, {"model": "admin.logentry", "pk": 102, "fields": {"action_time": "2025-10-30T13:48:00.142Z", "user": 1, "content_type": 15, "object_id": "23", "object_repr": "Burger (Burger)", "action_flag": 1, "change_message": "[{\"added\": {}}]"}}, {"model": "admin.logentry", "pk": 103, "fields": {"action_time": "2025-10-30T13:49:26.818Z", "user": 1, "content_type": 8, "object_id": "34", "object_repr": "Labnese Burger (Burger ΓåÆ Burger) - The Penthouse Chapter One", "action_flag": 1, "change_message": "[{\"added\": {}}]"}}, {"model": "admin.logentry", "pk": 104, "fields": {"action_time": "2025-10-30T13:53:02.915Z", "user": 1, "content_type": 8, "object_id": "34", "object_repr": "Labnese Burger (Burger ΓåÆ Burger) - The Penthouse Chapter One", "action_flag": 2, "change_message": "[]"}}, {"model": "admin.logentry", "pk": 105, "fields": {"action_time": "2025-10-30T13:54:35.940Z", "user": 1, "content_type": 8, "object_id": "35", "object_repr": "Peri Peri Paneer Burger (Burger ΓåÆ Burger) - The Penthouse Chapter One", "action_flag": 1, "change_message": "[{\"added\": {}}]"}}, {"model": "admin.logentry", "pk": 106, "fields": {"action_time": "2025-10-30T13:55:43.132Z", "user": 1, "content_type": 16, "object_id": "11", "object_repr": "Bagel (The Penthouse Chapter One)", "action_flag": 1, "change_message": "[{\"added\": {}}]"}}, {"model": "admin.logentry", "pk": 107, "fields": {"action_time": "2025-10-30T13:56:47.019Z", "user": 1, "content_type": 8, "object_id": "36", "object_repr": "Bagel (Bagel) - The Penthouse Chapter One", "action_flag": 1, "change_message": "[{\"added\": {}}]"}}, {"model": "admin.logentry", "pk": 108, "fields": {"action_time": "2025-10-30T13:58:06.376Z", "user": 1, "content_type": 8, "object_id": "37", "object_repr": "Italian Bagel (Bagel) - The Penthouse Chapter One", "action_flag": 1, "change_message": "[{\"added\": {}}]"}}, {"model": "admin.logentry", "pk": 109, "fields": {"action_time": "2025-10-30T14:00:08.833Z", "user": 1, "content_type": 16, "object_id": "12", "object_repr": "Combo and Platters (Prime Dine Restaurant)", "action_flag": 1, "change_message": "[{\"added\": {}}]"}}, {"model": "admin.logentry", "pk": 110, "fields": {"action_time": "2025-10-30T14:00:30.932Z", "user": 1, "content_type": 15, "object_id": "24", "object_repr": "Platters (Combo and Platters)", "action_flag": 1, "change_message": "[{\"added\": {}}]"}}, {"model": "admin.logentry", "pk": 111, "fields": {"action_time": "2025-10-30T14:01:28.037Z", "user": 1, "content_type": 8, "object_id": "38", "object_repr": "Mexican Platter (Combo and Platters ΓåÆ Platters) - Prime Dine Restaurant", "action_flag": 1, "change_message": "[{\"added\": {}}]"}}, {"model": "admin.logentry", "pk": 112, "fields": {"action_time": "2025-10-30T14:01:37.802Z", "user": 1, "content_type": 8, "object_id": "38", "object_repr": "Mexican Platter (Combo and Platters ΓåÆ Platters) - Prime Dine Restaurant", "action_flag": 2, "change_message": "[]"}}, {"model": "admin.logentry", "pk": 113, "fields": {"action_time": "2025-10-30T14:03:51.774Z", "user": 1, "content_type": 8, "object_id": "39", "object_repr": "Mile Jule Kabab Platter (Combo and Platters ΓåÆ Platters) - Prime Dine Restaurant", "action_flag": 1, "change_message": "[{\"added\": {}}]"}}, {"model": "admin.logentry", "pk": 114, "fields": {"action_time": "2025-10-30T14:04:53.986Z", "user": 1, "content_type": 8, "object_id": "38", "object_repr": "Mexican Platter (Combo and Platters ΓåÆ Platters) - Prime Dine Restaurant", "action_flag": 2, "change_message": "[{\"changed\": {\"fields\": [\"Description\"]}}]"}}, {"model": "admin.logentry", "pk": 115, "fields": {"action_time": "2025-10-30T14:05:41.801Z", "user": 1, "content_type": 16, "object_id": "13", "object_repr": "Soups and Salads (The Penthouse Chapter One)", "action_flag": 1, "change_message": "[{\"added\": {}}]"}}, {"model": "admin.logentry", "pk": 116, "fields": {"action_time": "2025-10-30T14:06:16.794Z", "user": 1, "content_type": 15, "object_id": "25", "object_repr": "Soup (Soups and Salads)", "action_flag": 1, "change_message": "[{\"added\": {}}]"}}, {"model": "admin.logentry", "pk": 117, "fields": {"action_time": "2025-10-30T14:07:21.290Z", "user": 1, "content_type": 8, "object_id": "40", "object_repr": "Tom Kha Soup (Soups and Salads ΓåÆ Soup) - Prime Dine Restaurant", "action_flag": 1, "change_message": "[{\"added\": {}}]"}}, {"model": "admin.logentry", "pk": 118, "fields": {"action_time": "2025-10-30T14:08:37.932Z", "user": 1, "content_type": 8, "object_id": "41", "object_repr": "Sweet Peanut Soup (Soups and Salads ΓåÆ Soup) - Prime Dine Restaurant", "action_flag": 1, "change_message": "[{\"added\": {}}]"}}, {"model": "admin.logentry", "pk": 119, "fields": {"action_time": "2025-10-30T14:09:07.573Z", "user": 1, "content_type": 8, "object_id": "41", "object_repr": "Sweet Peanut Soup (Soups and Salads ΓåÆ Soup) - Prime Dine Restaurant", "action_flag": 2, "change_message": "[]"}}, {"model": "admin.logentry", "pk": 120, "fields": {"action_time": "2025-10-30T14:10:42.496Z", "user": 1, "content_type": 8, "object_id": "42", "object_repr": "Sweet Green Bean Soup (Soups and Salads ΓåÆ Soup) - Prime Dine Restaurant", "action_flag": 1, "change_message": "[{\"added\": {}}]"}}, {"model": "admin.logentry", "pk": 121, "fields": {"action_time": "2025-10-30T14:11:37.474Z", "user": 1, "content_type": 16, "object_id": "14", "object_repr": "Salads (Prime Dine Restaurant)", "action_flag": 1, "change_message": "[{\"added\": {}}]"}}, {"model": "admin.logentry", "pk": 122, "fields": {"action_time": "2025-10-30T14:13:08.426Z", "user": 1, "content_type": 8, "object_id": "43", "object_repr": "Russian Salad (Salads ΓåÆ Soup) - The Penthouse Chapter One", "action_flag": 1, "change_message": "[{\"added\": {}}]"}}, {"model": "admin.logentry", "pk": 123, "fields": {"action_time": "2025-10-30T14:14:27.804Z", "user": 1, "content_type": 8, "object_id": "44", "object_repr": "Waldorf Salad (Salads ΓåÆ Soup) - Prime Dine Restaurant", "action_flag": 1, "change_message": "[{\"added\": {}}]"}}, {"model": "admin.logentry", "pk": 124, "fields": {"action_time": "2025-10-30T14:14:56.808Z", "user": 1, "content_type": 8, "object_id": "44", "object_repr": "Waldorf Salad (Soups and Salads ΓåÆ Soup) - Prime Dine Restaurant", "action_flag": 2, "change_message": "[{\"changed\": {\"fields\": [\"Category\"]}}]"}}, {"model": "admin.logentry", "pk": 125, "fields": {"action_time": "2025-10-30T14:15:55.654Z", "user": 1, "content_type": 8, "object_id": "44", "object_repr": "Waldorf Salad (Salads ΓåÆ Soup) - Prime Dine Restaurant", "action_flag": 2, "change_message": "[{\"changed\": {\"fields\": [\"Category\"]}}]"}}, {"model": "admin.logentry", "pk": 126, "fields": {"action_time": "2025-10-30T14:16:40.249Z", "user": 1, "content_type": 15, "object_id": "25", "object_repr": "Salads (Soups and Salads)", "action_flag": 2, "change_message": "[{\"changed\": {\"fields\": [\"Name\"]}}]"}}, {"model": "admin.logentry", "pk": 127, "fields": {"action_time": "2025-10-30T14:16:43.359Z", "user": 1, "content_type": 8, "object_id": "44", "object_repr": "Waldorf Salad (Soups and Salads ΓåÆ Salads) - Prime Dine Restaurant", "action_flag": 2, "change_message": "[{\"changed\": {\"fields\": [\"Category\"]}}]"}}, {"model": "admin.logentry", "pk": 128, "fields": {"action_time": "2025-10-30T14:17:27.201Z", "user": 1, "content_type": 16, "object_id": "13", "object_repr": "Soups and Salads (Prime Dine Restaurant)", "action_flag": 2, "change_message": "[{\"changed\": {\"fields\": [\"Restaurant\"]}}]"}}, {"model": "admin.logentry", "pk": 129, "fields": {"action_time": "2025-10-30T14:17:47.194Z", "user": 1, "content_type": 8, "object_id": "44", "object_repr": "Waldorf Salad (Soups and Salads ΓåÆ Salads) - Prime Dine Restaurant", "action_flag": 2, "change_message": "[]"}}, {"model": "admin.logentry", "pk": 130, "fields": {"action_time": "2025-10-30T14:18:58.926Z", "user": 1, "content_type": 15, "object_id": "25", "object_repr": "Soups (Soups and Salads)", "action_flag": 2, "change_message": "[{\"changed\": {\"fields\": [\"Name\"]}}]"}}, {"model": "admin.logentry", "pk": 131, "fields": {"action_time": "2025-10-30T14:19:46.807Z", "user": 1, "content_type": 15, "object_id": "25", "object_repr": "Soups (Soups and Salads)", "action_flag": 2, "change_message": "[]"}}, {"model": "admin.logentry", "pk": 132, "fields": {"action_time": "2025-10-30T14:20:07.103Z", "user": 1, "content_type": 15, "object_id": "26", "object_repr": "Salads (Soups and Salads)", "action_flag": 1, "change_message": "[{\"added\": {}}]"}}, {"model": "admin.logentry", "pk": 133, "fields": {"action_time": "2025-10-30T14:20:23.276Z", "user": 1, "content_type": 8, "object_id": "44", "object_repr": "Waldorf Salad (Soups and Salads ΓåÆ Salads) - Prime Dine Restaurant", "action_flag": 2, "change_message": "[{\"changed\": {\"fields\": [\"Subcategory\"]}}]"}}, {"model": "admin.logentry", "pk": 134, "fields": {"action_time": "2025-10-30T14:22:43.865Z", "user": 1, "content_type": 8, "object_id": "45", "object_repr": "Salad Mistha (Soups and Salads ΓåÆ Salads) - Prime Dine Restaurant", "action_flag": 1, "change_message": "[{\"added\": {}}]"}}, {"model": "admin.logentry", "pk": 135, "fields": {"action_time": "2025-10-30T16:51:22.315Z", "user": 1, "content_type": 8, "object_id": "43", "object_repr": "Russian Salad (Salads ΓåÆ Soups) - Prime Dine Restaurant", "action_flag": 2, "change_message": "[{\"changed\": {\"fields\": [\"Restaurant\"]}}]"}}, {"model": "admin.logentry", "pk": 136, "fields": {"action_time": "2025-10-30T16:52:32.820Z", "user": 1, "content_type": 8, "object_id": "44", "object_repr": "Waldorf Salad (Salads ΓåÆ Salads) - Prime Dine Restaurant", "action_flag": 2, "change_message": "[{\"changed\": {\"fields\": [\"Category\"]}}]"}}, {"model": "admin.logentry", "pk": 137, "fields": {"action_time": "2025-10-30T16:53:35.964Z", "user": 1, "content_type": 8, "object_id": "43", "object_repr": "Russian Salad (Soups and Salads ΓåÆ Salads) - Prime Dine Restaurant", "action_flag": 2, "change_message": "[{\"changed\": {\"fields\": [\"Category\", \"Subcategory\"]}}]"}}, {"model": "admin.logentry", "pk": 138, "fields": {"action_time": "2025-10-30T16:54:27.950Z", "user": 1, "content_type": 8, "object_id": "44", "object_repr": "Waldorf Salad (Soups and Salads ΓåÆ Salads) - Prime Dine Restaurant", "action_flag": 2, "change_message": "[{\"changed\": {\"fields\": [\"Category\"]}}]"}}, {"model": "admin.logentry", "pk": 139, "fields": {"action_time": "2025-10-30T17:00:46.814Z", "user": 1, "content_type": 16, "object_id": "15", "object_repr": "Wraps, Burgers, Salads and Sandwich (Yankee Sizzlers)", "action_flag": 1, "change_message": "[{\"added\": {}}]"}}, {"model": "admin.logentry", "pk": 140, "fields": {"action_time": "2025-10-30T17:01:14.790Z", "user": 1, "content_type": 15, "object_id": "27", "object_repr": "Wraps (Wraps, Burgers, Salads and Sandwich)", "action_flag": 1, "change_message": "[{\"added\": {}}]"}}, {"model": "admin.logentry", "pk": 141, "fields": {"action_time": "2025-10-30T17:02:03.682Z", "user": 1, "content_type": 8, "object_id": "46", "object_repr": "Paneer Wrapster (Wraps, Burgers, Salads and Sandwich ΓåÆ Wraps) - Yankee Sizzlers", "action_flag": 1, "change_message": "[{\"added\": {}}]"}}, {"model": "admin.logentry", "pk": 142, "fields": {"action_time": "2025-10-30T17:06:01.618Z", "user": 1, "content_type": 8, "object_id": "47", "object_repr": "Cheese Melt Paneer Wrap (Wraps, Burgers, Salads and Sandwich ΓåÆ Wraps) - Yankee Sizzlers", "action_flag": 1, "change_message": "[{\"added\": {}}]"}}, {"model": "admin.logentry", "pk": 143, "fields": {"action_time": "2025-10-30T17:07:42.631Z", "user": 1, "content_type": 8, "object_id": "48", "object_repr": "Masala Mushroom Wrap (Wraps, Burgers, Salads and Sandwich ΓåÆ Wraps) - Yankee Sizzlers", "action_flag": 1, "change_message": "[{\"added\": {}}]"}}, {"model": "admin.logentry", "pk": 144, "fields": {"action_time": "2025-10-30T17:08:07.074Z", "user": 1, "content_type": 15, "object_id": "28", "object_repr": "Burger (Wraps, Burgers, Salads and Sandwich)", "action_flag": 1, "change_message": "[{\"added\": {}}]"}}, {"model": "admin.logentry", "pk": 145, "fields": {"action_time": "2025-10-30T17:10:27.177Z", "user": 1, "content_type": 8, "object_id": "49", "object_repr": "Farm Spicy Paneer Supreme (Wraps, Burgers, Salads and Sandwich ΓåÆ Burger) - Yankee Sizzlers", "action_flag": 1, "change_message": "[{\"added\": {}}]"}}, {"model": "admin.logentry", "pk": 146, "fields": {"action_time": "2025-10-30T17:11:33.810Z", "user": 1, "content_type": 8, "object_id": "50", "object_repr": "Super Freak Burger (Wraps, Burgers, Salads and Sandwich ΓåÆ Burger) - Yankee Sizzlers", "action_flag": 1, "change_message": "[{\"added\": {}}]"}}, {"model": "admin.logentry", "pk": 147, "fields": {"action_time": "2025-10-30T17:12:41.522Z", "user": 1, "content_type": 8, "object_id": "51", "object_repr": "Go Green (Wraps, Burgers, Salads and Sandwich ΓåÆ Burger) - Yankee Sizzlers", "action_flag": 1, "change_message": "[{\"added\": {}}]"}}, {"model": "admin.logentry", "pk": 148, "fields": {"action_time": "2025-10-30T17:13:12.644Z", "user": 1, "content_type": 15, "object_id": "29", "object_repr": "Sandwich (Wraps, Burgers, Salads and Sandwich)", "action_flag": 1, "change_message": "[{\"added\": {}}]"}}, {"model": "admin.logentry", "pk": 149, "fields": {"action_time": "2025-10-30T17:15:08.439Z", "user": 1, "content_type": 8, "object_id": "52", "object_repr": "4 Cheese Chilly Sandwich (Wraps, Burgers, Salads and Sandwich ΓåÆ Sandwich) - Yankee Sizzlers", "action_flag": 1, "change_message": "[{\"added\": {}}]"}}, {"model": "admin.logentry", "pk": 150, "fields": {"action_time": "2025-10-30T17:16:19.202Z", "user": 1, "content_type": 8, "object_id": "53", "object_repr": "Americana Exotica Sandwich (Wraps, Burgers, Salads and Sandwich ΓåÆ Sandwich) - Yankee Sizzlers", "action_flag": 1, "change_message": "[{\"added\": {}}]"}}, {"model": "admin.logentry", "pk": 151, "fields": {"action_time": "2025-10-30T17:17:48.064Z", "user": 1, "content_type": 8, "object_id": "54", "object_repr": "Indiana Exotica Sandwich (Wraps, Burgers, Salads and Sandwich ΓåÆ Sandwich) - Yankee Sizzlers", "action_flag": 1, "change_message": "[{\"added\": {}}]"}}, {"model": "admin.logentry", "pk": 152, "fields": {"action_time": "2025-10-30T17:18:03.830Z", "user": 1, "content_type": 16, "object_id": "15", "object_repr": "Wraps, Burgers  and Sandwich (Yankee Sizzlers)", "action_flag": 2, "change_message": "[{\"changed\": {\"fields\": [\"Name\"]}}]"}}, {"model": "admin.logentry", "pk": 153, "fields": {"action_time": "2025-10-30T17:18:53.812Z", "user": 1, "content_type": 8, "object_id": "55", "object_repr": "Paneer Schezwan Sandwich (Wraps, Burgers  and Sandwich ΓåÆ Sandwich) - Yankee Sizzlers", "action_flag": 1, "change_message": "[{\"added\": {}}]"}}, {"model": "admin.logentry", "pk": 154, "fields": {"action_time": "2025-10-30T17:22:35.326Z", "user": 1, "content_type": 16, "object_id": "16", "object_repr": "Shawarmas (Yankee Sizzlers)", "action_flag": 1, "change_message": "[{\"added\": {}}]"}}, {"model": "admin.logentry", "pk": 155, "fields": {"action_time": "2025-10-30T17:23:23.196Z", "user": 1, "content_type": 15, "object_id": "30", "object_repr": "Veg Shawarmas (Shawarmas)", "action_flag": 1, "change_message": "[{\"added\": {}}]"}}, {"model": "admin.logentry", "pk": 156, "fields": {"action_time": "2025-10-30T17:24:02.624Z", "user": 1, "content_type": 8, "object_id": "56", "object_repr": "Sizzled Falafel Shawarma (Shawarmas ΓåÆ Veg Shawarmas) - Yankee Sizzlers", "action_flag": 1, "change_message": "[{\"added\": {}}]"}}, {"model": "admin.logentry", "pk": 157, "fields": {"action_time": "2025-10-30T17:25:59.951Z", "user": 1, "content_type": 8, "object_id": "57", "object_repr": "Paneer Tikka Shawarma. (Shawarmas ΓåÆ Veg Shawarmas) - Yankee Sizzlers", "action_flag": 1, "change_message": "[{\"added\": {}}]"}}, {"model": "admin.logentry", "pk": 158, "fields": {"action_time": "2025-10-30T17:28:14.122Z", "user": 1, "content_type": 8, "object_id": "58", "object_repr": "Smoky BBQ Paneer Shawarma (Shawarmas ΓåÆ Veg Shawarmas) - Yankee Sizzlers", "action_flag": 1, "change_message": "[{\"added\": {}}]"}}, {"model": "admin.logentry", "pk": 159, "fields": {"action_time": "2025-10-30T17:29:07.678Z", "user": 1, "content_type": 15, "object_id": "31", "object_repr": "Non-Veg Shawarmas (Shawarmas)", "action_flag": 1, "change_message": "[{\"added\": {}}]"}}, {"model": "admin.logentry", "pk": 160, "fields": {"action_time": "2025-10-30T17:29:50.872Z", "user": 1, "content_type": 8, "object_id": "59", "object_repr": "Special Peppy Chicken Shawarma (Shawarmas ΓåÆ Non-Veg Shawarmas) - Yankee Sizzlers", "action_flag": 1, "change_message": "[{\"added\": {}}]"}}, {"model": "admin.logentry", "pk": 161, "fields": {"action_time": "2025-10-30T17:30:48.087Z", "user": 1, "content_type": 8, "object_id": "60", "object_repr": "Special Smoky Chicken Shawarma (Shawarmas ΓåÆ Non-Veg Shawarmas) - Yankee Sizzlers", "action_flag": 1, "change_message": "[{\"added\": {}}]"}}, {"model": "admin.logentry", "pk": 162, "fields": {"action_time": "2025-10-30T17:31:58.289Z", "user": 1, "content_type": 8, "object_id": "61", "object_repr": "Classic Smoky Chicken Shawarma. (Shawarmas ΓåÆ Non-Veg Shawarmas) - Yankee Sizzlers", "action_flag": 1, "change_message": "[{\"added\": {}}]"}}, {"model": "admin.logentry", "pk": 163, "fields": {"action_time": "2025-10-30T17:34:27.448Z", "user": 1, "content_type": 8, "object_id": "62", "object_repr": "Classic Smoky Chicken Shawarma. (Shawarmas ΓåÆ Non-Veg Shawarmas) - Yankee Sizzlers", "action_flag": 1, "change_message": "[{\"added\": {}}]"}}, {"model": "admin.logentry", "pk": 164, "fields": {"action_time": "2025-10-30T17:35:34.929Z", "user": 1, "content_type": 8, "object_id": "60", "object_repr": "Special Smoky Chicken Shawarma (Shawarmas ΓåÆ Non-Veg Shawarmas) - Yankee Sizzlers", "action_flag": 2, "change_message": "[{\"changed\": {\"fields\": [\"Item type\"]}}]"}}, {"model": "admin.logentry", "pk": 165, "fields": {"action_time": "2025-10-30T17:39:59.187Z", "user": 1, "content_type": 16, "object_id": "17", "object_repr": "Desserts (Yankee Sizzlers)", "action_flag": 1, "change_message": "[{\"added\": {}}]"}}, {"model": "admin.logentry", "pk": 166, "fields": {"action_time": "2025-10-30T17:41:01.548Z", "user": 1, "content_type": 15, "object_id": "32", "object_repr": "Biscoff Cheesecake Slice (Desserts)", "action_flag": 1, "change_message": "[{\"added\": {}}]"}}, {"model": "admin.logentry", "pk": 167, "fields": {"action_time": "2025-10-30T17:44:42.431Z", "user": 1, "content_type": 8, "object_id": "63", "object_repr": "Biscoff Cheesecake Slice (Desserts) - Yankee Sizzlers", "action_flag": 1, "change_message": "[{\"added\": {}}]"}}, {"model": "admin.logentry", "pk": 168, "fields": {"action_time": "2025-10-30T17:45:24.425Z", "user": 1, "content_type": 15, "object_id": "33", "object_repr": "Desserts (Desserts)", "action_flag": 1, "change_message": "[{\"added\": {}}]"}}, {"model": "admin.logentry", "pk": 169, "fields": {"action_time": "2025-10-30T17:45:27.185Z", "user": 1, "content_type": 8, "object_id": "63", "object_repr": "Biscoff Cheesecake Slice (Desserts ΓåÆ Desserts) - Yankee Sizzlers", "action_flag": 2, "change_message": "[{\"changed\": {\"fields\": [\"Subcategory\"]}}]"}}, {"model": "admin.logentry", "pk": 170, "fields": {"action_time": "2025-10-30T17:46:35.809Z", "user": 1, "content_type": 8, "object_id": "64", "object_repr": "Choco Lava Cake (Desserts ΓåÆ Desserts) - Yankee Sizzlers", "action_flag": 1, "change_message": "[{\"added\": {}}]"}}, {"model": "admin.logentry", "pk": 171, "fields": {"action_time": "2025-10-30T17:47:19.637Z", "user": 1, "content_type": 8, "object_id": "65", "object_repr": "Blueberry Cheesecake (Desserts ΓåÆ Desserts) - Yankee Sizzlers", "action_flag": 1, "change_message": "[{\"added\": {}}]"}}, {"model": "admin.logentry", "pk": 172, "fields": {"action_time": "2025-10-30T17:48:05.182Z", "user": 1, "content_type": 8, "object_id": "65", "object_repr": "Blueberry Cheesecake (Desserts ΓåÆ Desserts) - Yankee Sizzlers", "action_flag": 2, "change_message": "[]"}}, {"model": "admin.logentry", "pk": 173, "fields": {"action_time": "2025-10-30T17:49:02.298Z", "user": 1, "content_type": 8, "object_id": "66", "object_repr": "Mango Cheesecake (Desserts ΓåÆ Desserts) - Yankee Sizzlers", "action_flag": 1, "change_message": "[{\"added\": {}}]"}}, {"model": "admin.logentry", "pk": 174, "fields": {"action_time": "2025-10-31T16:24:39.895Z", "user": 1, "content_type": 9, "object_id": "1", "object_repr": "Order 1 - zenil", "action_flag": 2, "change_message": "[{\"changed\": {\"fields\": [\"Status\"]}}]"}}, {"model": "admin.logentry", "pk": 175, "fields": {"action_time": "2025-10-31T16:25:04.080Z", "user": 1, "content_type": 9, "object_id": "1", "object_repr": "Order 1 - zenil", "action_flag": 2, "change_message": "[{\"changed\": {\"fields\": [\"Status\"]}}]"}}, {"model": "admin.logentry", "pk": 176, "fields": {"action_time": "2025-11-02T06:27:22.715Z", "user": 1, "content_type": 9, "object_id": "3", "object_repr": "Order 3 - test1", "action_flag": 2, "change_message": "[{\"changed\": {\"fields\": [\"Status\"]}}]"}}, {"model": "admin.logentry", "pk": 177, "fields": {"action_time": "2025-11-02T08:56:58.718Z", "user": 1, "content_type": 9, "object_id": "4", "object_repr": "Order 4 - zenil", "action_flag": 2, "change_message": "[{\"changed\": {\"fields\": [\"Status\"]}}]"}}, {"model": "admin.logentry", "pk": 178, "fields": {"action_time": "2025-11-19T07:31:18.958Z", "user": 1, "content_type": 9, "object_id": "7", "object_repr": "Order 7 - test1", "action_flag": 2, "change_message": "[{\"changed\": {\"fields\": [\"Status\"]}}]"}}, {"model": "admin.logentry", "pk": 179, "fields": {"action_time": "2025-11-19T07:31:33.594Z", "user": 1, "content_type": 9, "object_id": "7", "object_repr": "Order 7 - test1", "action_flag": 2, "change_message": "[{\"changed\": {\"fields\": [\"Status\"]}}]"}}, {"model": "admin.logentry", "pk": 180, "fields": {"action_time": "2026-02-19T01:56:05.777Z", "user": 1, "content_type": 4, "object_id": "5", "object_repr": "Nagma.00", "action_flag": 1, "change_message": "[{\"added\": {}}]"}}, {"model": "admin.logentry", "pk": 181, "fields": {"action_time": "2026-02-19T01:56:59.155Z", "user": 1, "content_type": 4, "object_id": "5", "object_repr": "Nagma.00", "action_flag": 2, "change_message": "[{\"changed\": {\"fields\": [\"First name\", \"Last name\", \"Email address\"]}}]"}}, {"model": "admin.logentry", "pk": 182, "fields": {"action_time": "2026-02-22T15:58:37.567Z", "user": 1, "content_type": 4, "object_id": "1", "object_repr": "zenil", "action_flag": 2, "change_message": "[{\"changed\": {\"fields\": [\"password\"]}}]"}}, {"model": "admin.logentry", "pk": 183, "fields": {"action_time": "2026-02-23T12:43:23.602Z", "user": 1, "content_type": 4, "object_id": "6", "object_repr": "penthouse", "action_flag": 1, "change_message": "[{\"added\": {}}]"}}, {"model": "admin.logentry", "pk": 184, "fields": {"action_time": "2026-02-23T12:44:50.486Z", "user": 1, "content_type": 4, "object_id": "6", "object_repr": "penthouse", "action_flag": 2, "change_message": "[{\"changed\": {\"fields\": [\"Email address\"]}}]"}}, {"model": "admin.logentry", "pk": 185, "fields": {"action_time": "2026-02-23T12:48:41.642Z", "user": 1, "content_type": 7, "object_id": "3", "object_repr": "The Penthouse Chapter One", "action_flag": 2, "change_message": "[]"}}, {"model": "admin.logentry", "pk": 186, "fields": {"action_time": "2026-02-23T12:48:50.372Z", "user": 1, "content_type": 7, "object_id": "3", "object_repr": "The Penthouse Chapter One", "action_flag": 2, "change_message": "[]"}}, {"model": "admin.logentry", "pk": 187, "fields": {"action_time": "2026-02-23T13:07:52.814Z", "user": 1, "content_type": 7, "object_id": "3", "object_repr": "The Penthouse Chapter One", "action_flag": 2, "change_message": "[{\"changed\": {\"fields\": [\"Owner\"]}}]"}}, {"model": "admin.logentry", "pk": 188, "fields": {"action_time": "2026-02-23T13:11:12.181Z", "user": 1, "content_type": 4, "object_id": "6", "object_repr": "penthouse", "action_flag": 2, "change_message": "[{\"changed\": {\"fields\": [\"password\"]}}]"}}, {"model": "admin.logentry", "pk": 189, "fields": {"action_time": "2026-02-23T13:11:21.591Z", "user": 1, "content_type": 4, "object_id": "6", "object_repr": "penthouse", "action_flag": 2, "change_message": "[]"}}, {"model": "admin.logentry", "pk": 190, "fields": {"action_time": "2026-02-24T12:59:04.673Z", "user": 1, "content_type": 4, "object_id": "6", "object_repr": "penthouse", "action_flag": 2, "change_message": "[{\"changed\": {\"fields\": [\"password\"]}}]"}}, {"model": "admin.logentry", "pk": 191, "fields": {"action_time": "2026-02-26T09:27:55.829Z", "user": 1, "content_type": 4, "object_id": "4", "object_repr": "admin", "action_flag": 2, "change_message": "[{\"changed\": {\"fields\": [\"password\"]}}]"}}, {"model": "admin.logentry", "pk": 192, "fields": {"action_time": "2026-02-26T10:50:31.375Z", "user": 1, "content_type": 4, "object_id": "8", "object_repr": "deliverytest", "action_flag": 2, "change_message": "[{\"changed\": {\"fields\": [\"password\"]}}]"}}, {"model": "admin.logentry", "pk": 193, "fields": {"action_time": "2026-02-26T14:08:27.273Z", "user": 1, "content_type": 7, "object_id": "9", "object_repr": "BANDRA BORN", "action_flag": 2, "change_message": "[{\"changed\": {\"fields\": [\"Cuisine\", \"Rating\", \"Image url\", \"Cover image url\", \"Phone\"]}}]"}}, {"model": "admin.logentry", "pk": 194, "fields": {"action_time": "2026-02-26T14:09:23.708Z", "user": 1, "content_type": 7, "object_id": "9", "object_repr": "BANDRA BORN", "action_flag": 2, "change_message": "[{\"changed\": {\"fields\": [\"Image url\"]}}]"}}, {"model": "admin.logentry", "pk": 195, "fields": {"action_time": "2026-02-26T15:24:45.303Z", "user": 1, "content_type": 7, "object_id": "8", "object_repr": "The Nook", "action_flag": 2, "change_message": "[{\"changed\": {\"fields\": [\"Cuisine\", \"Rating\", \"Image url\", \"Cover image url\", \"Phone\", \"Pincode\"]}}]"}}, {"model": "admin.logentry", "pk": 196, "fields": {"action_time": "2026-02-26T15:28:20.741Z", "user": 1, "content_type": 7, "object_id": "8", "object_repr": "The Nook", "action_flag": 2, "change_message": "[{\"changed\": {\"fields\": [\"Image url\", \"Cover image url\"]}}]"}}, {"model": "admin.logentry", "pk": 197, "fields": {"action_time": "2026-02-26T16:04:11.641Z", "user": 1, "content_type": 7, "object_id": "8", "object_repr": "The Nook", "action_flag": 2, "change_message": "[{\"changed\": {\"fields\": [\"Image url\", \"Cover image url\"]}}]"}}, {"model": "admin.logentry", "pk": 198, "fields": {"action_time": "2026-02-26T16:07:52.066Z", "user": 1, "content_type": 7, "object_id": "8", "object_repr": "The Nook", "action_flag": 2, "change_message": "[{\"changed\": {\"fields\": [\"Cuisine\"]}}]"}}, {"model": "admin.logentry", "pk": 199, "fields": {"action_time": "2026-02-26T16:09:08.913Z", "user": 1, "content_type": 7, "object_id": "8", "object_repr": "The Nook", "action_flag": 2, "change_message": "[{\"changed\": {\"fields\": [\"Image url\", \"Cover image url\"]}}]"}}, {"model": "admin.logentry", "pk": 200, "fields": {"action_time": "2026-02-26T16:11:29.787Z", "user": 1, "content_type": 7, "object_id": "7", "object_repr": "Native Bombay", "action_flag": 2, "change_message": "[{\"changed\": {\"fields\": [\"Name\", \"Rating\", \"Image url\", \"Cover image url\"]}}]"}}, {"model": "admin.logentry", "pk": 201, "fields": {"action_time": "2026-02-26T18:56:26.977Z", "user": 1, "content_type": 16, "object_id": "18", "object_repr": "BURRATA BOWL (Native Bombay)", "action_flag": 1, "change_message": "[{\"added\": {}}]"}}, {"model": "admin.logentry", "pk": 202, "fields": {"action_time": "2026-02-26T18:56:56.993Z", "user": 1, "content_type": 16, "object_id": "19", "object_repr": "healthy (Native Bombay)", "action_flag": 1, "change_message": "[{\"added\": {}}]"}}, {"model": "admin.logentry", "pk": 203, "fields": {"action_time": "2026-02-26T18:57:01.837Z", "user": 1, "content_type": 8, "object_id": "67", "object_repr": "BURRATA BOWL - Native Bombay", "action_flag": 1, "change_message": "[{\"added\": {}}]"}}, {"model": "admin.logentry", "pk": 204, "fields": {"action_time": "2026-02-26T19:03:47.288Z", "user": 1, "content_type": 16, "object_id": "20", "object_repr": "chicken (Native Bombay)", "action_flag": 1, "change_message": "[{\"added\": {}}]"}}, {"model": "admin.logentry", "pk": 205, "fields": {"action_time": "2026-02-26T19:03:52.330Z", "user": 1, "content_type": 8, "object_id": "68", "object_repr": "chicken dum hyderabadi biryani - Native Bombay", "action_flag": 1, "change_message": "[{\"added\": {}}]"}}, {"model": "admin.logentry", "pk": 206, "fields": {"action_time": "2026-02-26T19:07:32.676Z", "user": 1, "content_type": 16, "object_id": "21", "object_repr": "salads (Native Bombay)", "action_flag": 1, "change_message": "[{\"added\": {}}]"}}, {"model": "admin.logentry", "pk": 207, "fields": {"action_time": "2026-02-26T19:07:59.659Z", "user": 1, "content_type": 8, "object_id": "69", "object_repr": "Bbq - Native Bombay", "action_flag": 1, "change_message": "[{\"added\": {}}]"}}, {"model": "admin.logentry", "pk": 208, "fields": {"action_time": "2026-02-26T19:09:00.525Z", "user": 1, "content_type": 16, "object_id": "22", "object_repr": "soups (Native Bombay)", "action_flag": 1, "change_message": "[{\"added\": {}}]"}}, {"model": "admin.logentry", "pk": 209, "fields": {"action_time": "2026-02-26T19:09:22.914Z", "user": 1, "content_type": 8, "object_id": "70", "object_repr": "Nasik Tomato Soup - Native Bombay", "action_flag": 1, "change_message": "[{\"added\": {}}]"}}, {"model": "admin.logentry", "pk": 210, "fields": {"action_time": "2026-02-26T19:11:24.378Z", "user": 1, "content_type": 8, "object_id": "71", "object_repr": "Bombay Aloo Papdi Chaat - Native Bombay", "action_flag": 1, "change_message": "[{\"added\": {}}]"}}, {"model": "admin.logentry", "pk": 211, "fields": {"action_time": "2026-02-26T19:15:35.358Z", "user": 1, "content_type": 8, "object_id": "72", "object_repr": "Soup Of The Day - Native Bombay", "action_flag": 1, "change_message": "[{\"added\": {}}]"}}, {"model": "admin.logentry", "pk": 212, "fields": {"action_time": "2026-03-01T17:02:38.127Z", "user": 1, "content_type": 4, "object_id": "5", "object_repr": "Nagma.00", "action_flag": 2, "change_message": "[{\"changed\": {\"fields\": [\"password\"]}}]"}}, {"model": "admin.logentry", "pk": 213, "fields": {"action_time": "2026-03-01T17:02:52.911Z", "user": 1, "content_type": 4, "object_id": "5", "object_repr": "Nagma", "action_flag": 2, "change_message": "[{\"changed\": {\"fields\": [\"Username\"]}}]"}}, {"model": "admin.logentry", "pk": 214, "fields": {"action_time": "2026-03-04T09:36:17.905Z", "user": 1, "content_type": 7, "object_id": "7", "object_repr": "Native Bombay", "action_flag": 2, "change_message": "[{\"changed\": {\"fields\": [\"Image url\", \"Cover image url\"]}}]"}}, {"model": "admin.logentry", "pk": 215, "fields": {"action_time": "2026-03-04T09:39:53.092Z", "user": 1, "content_type": 7, "object_id": "7", "object_repr": "Native Bombay", "action_flag": 2, "change_message": "[{\"changed\": {\"fields\": [\"Image url\", \"Cover image url\"]}}]"}}, {"model": "auth.permission", "pk": 1, "fields": {"name": "Can add log entry", "content_type": 1, "codename": "add_logentry"}}, {"model": "auth.permission", "pk": 2, "fields": {"name": "Can change log entry", "content_type": 1, "codename": "change_logentry"}}, {"model": "auth.permission", "pk": 3, "fields": {"name": "Can delete log entry", "content_type": 1, "codename": "delete_logentry"}}, {"model": "auth.permission", "pk": 4, "fields": {"name": "Can view log entry", "content_type": 1, "codename": "view_logentry"}}, {"model": "auth.permission", "pk": 5, "fields": {"name": "Can add permission", "content_type": 2, "codename": "add_permission"}}, {"model": "auth.permission", "pk": 6, "fields": {"name": "Can change permission", "content_type": 2, "codename": "change_permission"}}, {"model": "auth.permission", "pk": 7, "fields": {"name": "Can delete permission", "content_type": 2, "codename": "delete_permission"}}, {"model": "auth.permission", "pk": 8, "fields": {"name": "Can view permission", "content_type": 2, "codename": "view_permission"}}, {"model": "auth.permission", "pk": 9, "fields": {"name": "Can add group", "content_type": 3, "codename": "add_group"}}, {"model": "auth.permission", "pk": 10, "fields": {"name": "Can change group", "content_type": 3, "codename": "change_group"}}, {"model": "auth.permission", "pk": 11, "fields": {"name": "Can delete group", "content_type": 3, "codename": "delete_group"}}, {"model": "auth.permission", "pk": 12, "fields": {"name": "Can view group", "content_type": 3, "codename": "view_group"}}, {"model": "auth.permission", "pk": 13, "fields": {"name": "Can add user", "content_type": 4, "codename": "add_user"}}, {"model": "auth.permission", "pk": 14, "fields": {"name": "Can change user", "content_type": 4, "codename": "change_user"}}, {"model": "auth.permission", "pk": 15, "fields": {"name": "Can delete user", "content_type": 4, "codename": "delete_user"}}, {"model": "auth.permission", "pk": 16, "fields": {"name": "Can view user", "content_type": 4, "codename": "view_user"}}, {"model": "auth.permission", "pk": 17, "fields": {"name": "Can add content type", "content_type": 5, "codename": "add_contenttype"}}, {"model": "auth.permission", "pk": 18, "fields": {"name": "Can change content type", "content_type": 5, "codename": "change_contenttype"}}, {"model": "auth.permission", "pk": 19, "fields": {"name": "Can delete content type", "content_type": 5, "codename": "delete_contenttype"}}, {"model": "auth.permission", "pk": 20, "fields": {"name": "Can view content type", "content_type": 5, "codename": "view_contenttype"}}, {"model": "auth.permission", "pk": 21, "fields": {"name": "Can add session", "content_type": 6, "codename": "add_session"}}, {"model": "auth.permission", "pk": 22, "fields": {"name": "Can change session", "content_type": 6, "codename": "change_session"}}, {"model": "auth.permission", "pk": 23, "fields": {"name": "Can delete session", "content_type": 6, "codename": "delete_session"}}, {"model": "auth.permission", "pk": 24, "fields": {"name": "Can view session", "content_type": 6, "codename": "view_session"}}, {"model": "auth.permission", "pk": 25, "fields": {"name": "Can add restaurant", "content_type": 7, "codename": "add_restaurant"}}, {"model": "auth.permission", "pk": 26, "fields": {"name": "Can change restaurant", "content_type": 7, "codename": "change_restaurant"}}, {"model": "auth.permission", "pk": 27, "fields": {"name": "Can delete restaurant", "content_type": 7, "codename": "delete_restaurant"}}, {"model": "auth.permission", "pk": 28, "fields": {"name": "Can view restaurant", "content_type": 7, "codename": "view_restaurant"}}, {"model": "auth.permission", "pk": 29, "fields": {"name": "Can add menu item", "content_type": 8, "codename": "add_menuitem"}}, {"model": "auth.permission", "pk": 30, "fields": {"name": "Can change menu item", "content_type": 8, "codename": "change_menuitem"}}, {"model": "auth.permission", "pk": 31, "fields": {"name": "Can delete menu item", "content_type": 8, "codename": "delete_menuitem"}}, {"model": "auth.permission", "pk": 32, "fields": {"name": "Can view menu item", "content_type": 8, "codename": "view_menuitem"}}, {"model": "auth.permission", "pk": 33, "fields": {"name": "Can add order", "content_type": 9, "codename": "add_order"}}, {"model": "auth.permission", "pk": 34, "fields": {"name": "Can change order", "content_type": 9, "codename": "change_order"}}, {"model": "auth.permission", "pk": 35, "fields": {"name": "Can delete order", "content_type": 9, "codename": "delete_order"}}, {"model": "auth.permission", "pk": 36, "fields": {"name": "Can view order", "content_type": 9, "codename": "view_order"}}, {"model": "auth.permission", "pk": 37, "fields": {"name": "Can add order item", "content_type": 10, "codename": "add_orderitem"}}, {"model": "auth.permission", "pk": 38, "fields": {"name": "Can change order item", "content_type": 10, "codename": "change_orderitem"}}, {"model": "auth.permission", "pk": 39, "fields": {"name": "Can delete order item", "content_type": 10, "codename": "delete_orderitem"}}, {"model": "auth.permission", "pk": 40, "fields": {"name": "Can view order item", "content_type": 10, "codename": "view_orderitem"}}, {"model": "auth.permission", "pk": 41, "fields": {"name": "Can add profile", "content_type": 11, "codename": "add_profile"}}, {"model": "auth.permission", "pk": 42, "fields": {"name": "Can change profile", "content_type": 11, "codename": "change_profile"}}, {"model": "auth.permission", "pk": 43, "fields": {"name": "Can delete profile", "content_type": 11, "codename": "delete_profile"}}, {"model": "auth.permission", "pk": 44, "fields": {"name": "Can view profile", "content_type": 11, "codename": "view_profile"}}, {"model": "auth.permission", "pk": 45, "fields": {"name": "Can add Blacklisted Token", "content_type": 12, "codename": "add_blacklistedtoken"}}, {"model": "auth.permission", "pk": 46, "fields": {"name": "Can change Blacklisted Token", "content_type": 12, "codename": "change_blacklistedtoken"}}, {"model": "auth.permission", "pk": 47, "fields": {"name": "Can delete Blacklisted Token", "content_type": 12, "codename": "delete_blacklistedtoken"}}, {"model": "auth.permission", "pk": 48, "fields": {"name": "Can view Blacklisted Token", "content_type": 12, "codename": "view_blacklistedtoken"}}, {"model": "auth.permission", "pk": 49, "fields": {"name": "Can add Outstanding Token", "content_type": 13, "codename": "add_outstandingtoken"}}, {"model": "auth.permission", "pk": 50, "fields": {"name": "Can change Outstanding Token", "content_type": 13, "codename": "change_outstandingtoken"}}, {"model": "auth.permission", "pk": 51, "fields": {"name": "Can delete Outstanding Token", "content_type": 13, "codename": "delete_outstandingtoken"}}, {"model": "auth.permission", "pk": 52, "fields": {"name": "Can view Outstanding Token", "content_type": 13, "codename": "view_outstandingtoken"}}, {"model": "auth.permission", "pk": 53, "fields": {"name": "Can add cart", "content_type": 14, "codename": "add_cart"}}, {"model": "auth.permission", "pk": 54, "fields": {"name": "Can change cart", "content_type": 14, "codename": "change_cart"}}, {"model": "auth.permission", "pk": 55, "fields": {"name": "Can delete cart", "content_type": 14, "codename": "delete_cart"}}, {"model": "auth.permission", "pk": 56, "fields": {"name": "Can view cart", "content_type": 14, "codename": "view_cart"}}, {"model": "auth.permission", "pk": 57, "fields": {"name": "Can add sub category", "content_type": 15, "codename": "add_subcategory"}}, {"model": "auth.permission", "pk": 58, "fields": {"name": "Can change sub category", "content_type": 15, "codename": "change_subcategory"}}, {"model": "auth.permission", "pk": 59, "fields": {"name": "Can delete sub category", "content_type": 15, "codename": "delete_subcategory"}}, {"model": "auth.permission", "pk": 60, "fields": {"name": "Can view sub category", "content_type": 15, "codename": "view_subcategory"}}, {"model": "auth.permission", "pk": 61, "fields": {"name": "Can add category", "content_type": 16, "codename": "add_category"}}, {"model": "auth.permission", "pk": 62, "fields": {"name": "Can change category", "content_type": 16, "codename": "change_category"}}, {"model": "auth.permission", "pk": 63, "fields": {"name": "Can delete category", "content_type": 16, "codename": "delete_category"}}, {"model": "auth.permission", "pk": 64, "fields": {"name": "Can view category", "content_type": 16, "codename": "view_category"}}, {"model": "auth.permission", "pk": 65, "fields": {"name": "Can add operating hours", "content_type": 17, "codename": "add_operatinghours"}}, {"model": "auth.permission", "pk": 66, "fields": {"name": "Can change operating hours", "content_type": 17, "codename": "change_operatinghours"}}, {"model": "auth.permission", "pk": 67, "fields": {"name": "Can delete operating hours", "content_type": 17, "codename": "delete_operatinghours"}}, {"model": "auth.permission", "pk": 68, "fields": {"name": "Can view operating hours", "content_type": 17, "codename": "view_operatinghours"}}, {"model": "auth.permission", "pk": 69, "fields": {"name": "Can add delivery partner", "content_type": 18, "codename": "add_deliverypartner"}}, {"model": "auth.permission", "pk": 70, "fields": {"name": "Can change delivery partner", "content_type": 18, "codename": "change_deliverypartner"}}, {"model": "auth.permission", "pk": 71, "fields": {"name": "Can delete delivery partner", "content_type": 18, "codename": "delete_deliverypartner"}}, {"model": "auth.permission", "pk": 72, "fields": {"name": "Can view delivery partner", "content_type": 18, "codename": "view_deliverypartner"}}, {"model": "auth.permission", "pk": 73, "fields": {"name": "Can add delivery", "content_type": 19, "codename": "add_delivery"}}, {"model": "auth.permission", "pk": 74, "fields": {"name": "Can change delivery", "content_type": 19, "codename": "change_delivery"}}, {"model": "auth.permission", "pk": 75, "fields": {"name": "Can delete delivery", "content_type": 19, "codename": "delete_delivery"}}, {"model": "auth.permission", "pk": 76, "fields": {"name": "Can view delivery", "content_type": 19, "codename": "view_delivery"}}, {"model": "auth.user", "pk": 1, "fields": {"password": "pbkdf2_sha256$1000000$5FYBFODyFlL3HaBcBF9FzR$bTHywPk8AxkkL/eieEQNXFnktSP4dBB7CO5cvVG+eLI=", "last_login": "2026-03-09T08:27:18.127Z", "is_superuser": true, "username": "zenil", "first_name": "", "last_name": "", "email": "zenil@example.com", "is_staff": true, "is_active": true, "date_joined": "2025-10-29T20:11:30.202Z", "groups": [], "user_permissions": []}}, {"model": "auth.user", "pk": 2, "fields": {"password": "pbkdf2_sha256$1000000$ORzpBgkCXonoLy9xhNTMEh$Jh512AS8RhGNap3P59sEsWn1bGetrwhUQ+h1jIbJ+d0=", "last_login": null, "is_superuser": false, "username": "test1", "first_name": "Nagma", "last_name": "Khan", "email": "test1@gmail.com", "is_staff": false, "is_active": true, "date_joined": "2025-10-30T17:51:53.560Z", "groups": [], "user_permissions": []}}, {"model": "auth.user", "pk": 3, "fields": {"password": "pbkdf2_sha256$1000000$j3wzvF50rKEQwpWopzlSLt$S4N7GyYU4u/G30poh4xzcP4lvsqndTVyvSe83zLqh2M=", "last_login": null, "is_superuser": false, "username": "mocha_owner", "first_name": "", "last_name": "", "email": "mocha@quickcrave.com", "is_staff": true, "is_active": true, "date_joined": "2026-01-01T16:50:53.328Z", "groups": [], "user_permissions": []}}, {"model": "auth.user", "pk": 4, "fields": {"password": "pbkdf2_sha256$1000000$OEylDDeNNtsGnQrc6n59nr$12OjC1Mheo9nxzKIcephJbDbOZKiI6JEtw8OogI2RUE=", "last_login": null, "is_superuser": true, "username": "admin", "first_name": "", "last_name": "", "email": "admin@quickcrave.com", "is_staff": true, "is_active": true, "date_joined": "2026-01-01T17:35:35.120Z", "groups": [], "user_permissions": []}}, {"model": "auth.user", "pk": 5, "fields": {"password": "pbkdf2_sha256$1000000$dgj2k1Hc5bzz2cqTuVpzWw$o/udQE/bXPT5cNwc9g6udxS/qDrb9xYvP8X1Q5nlzLY=", "last_login": null, "is_superuser": false, "username": "Nagma", "first_name": "nagma", "last_name": "khan", "email": "nagmmaaakhan00@gmail.com", "is_staff": false, "is_active": true, "date_joined": "2026-02-19T01:56:05Z", "groups": [], "user_permissions": []}}, {"model": "auth.user", "pk": 6, "fields": {"password": "pbkdf2_sha256$1000000$WPFiOyMZNCJj3lYAZ8rBfO$NMFW44uT3PXFYgJGvVnLxJ+2xxzdtbOVc82B0Qx1xCM=", "last_login": null, "is_superuser": false, "username": "penthouse", "first_name": "", "last_name": "", "email": "penthouse@quickcrave.com", "is_staff": false, "is_active": true, "date_joined": "2026-02-23T12:43:23Z", "groups": [], "user_permissions": []}}, {"model": "auth.user", "pk": 7, "fields": {"password": "pbkdf2_sha256$1000000$rMnedxL10mTWAdjXpBT2pI$yU9TP5bDpZ8qtJplNnPPCYG6cOnm8plDBKCuS7khrso=", "last_login": null, "is_superuser": false, "username": "testrestaurant", "first_name": "Test", "last_name": "Restaurant", "email": "test@restaurant.com", "is_staff": false, "is_active": true, "date_joined": "2026-02-24T13:02:31.368Z", "groups": [], "user_permissions": []}}, {"model": "auth.user", "pk": 8, "fields": {"password": "pbkdf2_sha256$1000000$BeOjRUhvBnF3XiN7FZlzII$CSe0uXB+rE9fb/Uk+lDc3ZJI8KOKHoNgh4fUxkOtFSY=", "last_login": null, "is_superuser": false, "username": "deliverytest", "first_name": "Delivery", "last_name": "Test", "email": "delivery@test.com", "is_staff": false, "is_active": true, "date_joined": "2026-02-24T21:26:27.246Z", "groups": [], "user_permissions": []}}, {"model": "contenttypes.contenttype", "pk": 1, "fields": {"app_label": "admin", "model": "logentry"}}, {"model": "contenttypes.contenttype", "pk": 2, "fields": {"app_label": "auth", "model": "permission"}}, {"model": "contenttypes.contenttype", "pk": 3, "fields": {"app_label": "auth", "model": "group"}}, {"model": "contenttypes.contenttype", "pk": 4, "fields": {"app_label": "auth", "model": "user"}}, {"model": "contenttypes.contenttype", "pk": 5, "fields": {"app_label": "contenttypes", "model": "contenttype"}}, {"model": "contenttypes.contenttype", "pk": 6, "fields": {"app_label": "sessions", "model": "session"}}, {"model": "contenttypes.contenttype", "pk": 7, "fields": {"app_label": "restaurants", "model": "restaurant"}}, {"model": "contenttypes.contenttype", "pk": 8, "fields": {"app_label": "restaurants", "model": "menuitem"}}, {"model": "contenttypes.contenttype", "pk": 9, "fields": {"app_label": "orders", "model": "order"}}, {"model": "contenttypes.contenttype", "pk": 10, "fields": {"app_label": "orders", "model": "orderitem"}}, {"model": "contenttypes.contenttype", "pk": 11, "fields": {"app_label": "users", "model": "profile"}}, {"model": "contenttypes.contenttype", "pk": 12, "fields": {"app_label": "token_blacklist", "model": "blacklistedtoken"}}, {"model": "contenttypes.contenttype", "pk": 13, "fields": {"app_label": "token_blacklist", "model": "outstandingtoken"}}, {"model": "contenttypes.contenttype", "pk": 14, "fields": {"app_label": "cartapp", "model": "cart"}}, {"model": "contenttypes.contenttype", "pk": 15, "fields": {"app_label": "restaurants", "model": "subcategory"}}, {"model": "contenttypes.contenttype", "pk": 16, "fields": {"app_label": "restaurants", "model": "category"}}, {"model": "contenttypes.contenttype", "pk": 17, "fields": {"app_label": "restaurants", "model": "operatinghours"}}, {"model": "contenttypes.contenttype", "pk": 18, "fields": {"app_label": "delivery", "model": "deliverypartner"}}, {"model": "contenttypes.contenttype", "pk": 19, "fields": {"app_label": "delivery", "model": "delivery"}}, {"model": "sessions.session", "pk": "6bukh0z74xwsojy999iooczwenf96yj2", "fields": {"session_data": ".eJxVjEEOwiAQRe_C2hCILcy4dO8ZyMAMUjWQlHZlvLtt0oVu_3vvv1WgdSlh7TKHidVFWXX63SKlp9Qd8IPqvenU6jJPUe-KPmjXt8byuh7u30GhXrYaDKJxWVjgbLInTMLogIDS4BhTjhHHIZM3TCZvqkcAsDJajigxqc8X_Os4vg:1vnHL1:C-sbMWNa3vCTUR--k3CKD9TOvgbUoP9aH38iZZCeo2k", "expire_date": "2026-02-17T14:25:07.123Z"}}, {"model": "sessions.session", "pk": "bn9h4pb2wv89sn6fzvw45j8vlsjbbpi5", "fields": {"session_data": ".eJxVjEEOwiAQRe_C2hAgMxRcuvcMZGagUjU0Ke3KeHdt0oVu_3vvv1Siba1p62VJU1ZnZdXpd2OSR2k7yHdqt1nL3NZlYr0r-qBdX-dcnpfD_Tuo1Ou3Fj-46BgNBWPcAJHYWgIj1o-IBiGiBUDxKKFk4OA5OrAjSYwgJqv3B66qNtg:1vwkBi:tewCizEeuMV9KsRyHroNa7kd8ZhIZOszGB2BGdauhXE", "expire_date": "2026-03-15T17:02:38.186Z"}}, {"model": "sessions.session", "pk": "cm2bzs9s78xm6ypymku056cyorf1tn11", "fields": {"session_data": ".eJxVjEEOwiAQRe_C2hCILcy4dO8ZyMAMUjWQlHZlvLtt0oVu_3vvv1WgdSlh7TKHidVFWXX63SKlp9Qd8IPqvenU6jJPUe-KPmjXt8byuh7u30GhXrYaDKJxWVjgbLInTMLogIDS4BhTjhHHIZM3TCZvqkcAsDJajigxqc8X_Os4vg:1vECcQ:mLdfTnfuL45iVXBU_H1StaWBLqTu9GvMAet8nMoJql4", "expire_date": "2025-11-12T20:18:06.010Z"}}, {"model": "sessions.session", "pk": "f2exf83fgq3upk84a0445ximo697lp92", "fields": {"session_data": ".eJxVjMEOwiAQRP-FsyHQBhY8evcbCLssUjU0Ke2p8d-lSQ96m8x7M7sIcVtL2BovYUriKrS4_HYY6cX1AOkZ62OWNNd1mVAeijxpk_c58ft2un8HJbbS146tSZAyIsWBAIzJoFF5VOyMzwBEFkdjs0WX2Q-656QjWaVH3U3x-QL-5TgO:1vzVxO:_FMBhMz23Bbu7-EWEg3sCE0xOPYSTeUrbjhdr-LfLeY", "expire_date": "2026-03-23T08:27:18.139Z"}}, {"model": "sessions.session", "pk": "upjy40b36w4ztpkkl4xuledj3bzt5y45", "fields": {"session_data": ".eJxVjEEOwiAQRe_C2hCILcy4dO8ZyMAMUjWQlHZlvLtt0oVu_3vvv1WgdSlh7TKHidVFWXX63SKlp9Qd8IPqvenU6jJPUe-KPmjXt8byuh7u30GhXrYaDKJxWVjgbLInTMLogIDS4BhTjhHHIZM3TCZvqkcAsDJajigxqc8X_Os4vg:1vb1c0:gk0aeFSzmULtZT_ZmJ0XakOLKVSluEjB1MsHHkVjMq8", "expire_date": "2026-01-14T19:12:00.470Z"}}, {"model": "sessions.session", "pk": "y8lovt8zdn0cjtov6noczt3ogm3m6wf6", "fields": {"session_data": ".eJxVjEEOwiAQRe_C2hCILcy4dO8ZyMAMUjWQlHZlvLtt0oVu_3vvv1WgdSlh7TKHidVFWXX63SKlp9Qd8IPqvenU6jJPUe-KPmjXt8byuh7u30GhXrYaDKJxWVjgbLInTMLogIDS4BhTjhHHIZM3TCZvqkcAsDJajigxqc8X_Os4vg:1vLala:emUFlLIz8evcylpZgDdNZ-eiItLliLr_tTWYi4wky1Q", "expire_date": "2025-12-03T05:30:06.844Z"}}, {"model": "token_blacklist.outstandingtoken", "pk": 1, "fields": {"user": 2, "jti": "9e24b9b38e6b499a81afa02fc960f097", "token": "eyJhbGciOiJIUzI1NiIsInR5cCI6IkpXVCJ9.eyJ0b2tlbl90eXBlIjoicmVmcmVzaCIsImV4cCI6MTc2MjQ1MTUyNSwiaWF0IjoxNzYxODQ2NzI1LCJqdGkiOiI5ZTI0YjliMzhlNmI0OTlhODFhZmEwMmZjOTYwZjA5NyIsInVzZXJfaWQiOiIyIn0.HKnsQHRh43aZMNmW-L2ENjKYwIO450J-yunLZhGxhos", "created_at": "2025-10-30T17:52:05.724Z", "expires_at": "2025-11-06T17:52:05Z"}}, {"model": "token_blacklist.outstandingtoken", "pk": 2, "fields": {"user": 2, "jti": "1af1913096d547169e1f4ad08847145c", "token": "eyJhbGciOiJIUzI1NiIsInR5cCI6IkpXVCJ9.eyJ0b2tlbl90eXBlIjoicmVmcmVzaCIsImV4cCI6MTc2MjQ1NDQwNiwiaWF0IjoxNzYxODQ5NjA2LCJqdGkiOiIxYWYxOTEzMDk2ZDU0NzE2OWUxZjRhZDA4ODQ3MTQ1YyIsInVzZXJfaWQiOiIyIn0.TeCR93QOmeKgwEXVUdYVeeF1KFA-H8vQx8zsdt8ntLw", "created_at": "2025-10-30T18:40:06.408Z", "expires_at": "2025-11-06T18:40:06Z"}}, {"model": "token_blacklist.outstandingtoken", "pk": 3, "fields": {"user": 2, "jti": "6d0b0839a071492c9fe7d125267820bc", "token": "eyJhbGciOiJIUzI1NiIsInR5cCI6IkpXVCJ9.eyJ0b2tlbl90eXBlIjoicmVmcmVzaCIsImV4cCI6MTc2MjQ1NDkzNiwiaWF0IjoxNzYxODUwMTM2LCJqdGkiOiI2ZDBiMDgzOWEwNzE0OTJjOWZlN2QxMjUyNjc4MjBiYyIsInVzZXJfaWQiOiIyIn0.5OS6qfDK1AK96YjhLhx6Lk09e7Mzzw2304di_fv7Kl0", "created_at": "2025-10-30T18:48:56.449Z", "expires_at": "2025-11-06T18:48:56Z"}}, {"model": "token_blacklist.outstandingtoken", "pk": 4, "fields": {"user": 1, "jti": "57e6387ff5c24c7a919d0d9104390e4f", "token": "eyJhbGciOiJIUzI1NiIsInR5cCI6IkpXVCJ9.eyJ0b2tlbl90eXBlIjoicmVmcmVzaCIsImV4cCI6MTc2MjQ1NTA0NiwiaWF0IjoxNzYxODUwMjQ2LCJqdGkiOiI1N2U2Mzg3ZmY1YzI0YzdhOTE5ZDBkOTEwNDM5MGU0ZiIsInVzZXJfaWQiOiIxIn0.Ckr9_R_oJ5qMd9CZkD5UuUpfcZLjJPbKOHteBFGdNcI", "created_at": "2025-10-30T18:50:46.382Z", "expires_at": "2025-11-06T18:50:46Z"}}, {"model": "token_blacklist.outstandingtoken", "pk": 5, "fields": {"user": 1, "jti": "e9827ce35bd9406db9eb0923f4e2d1cb", "token": "eyJhbGciOiJIUzI1NiIsInR5cCI6IkpXVCJ9.eyJ0b2tlbl90eXBlIjoicmVmcmVzaCIsImV4cCI6MTc2MjQ1NTM3MSwiaWF0IjoxNzYxODUwNTcxLCJqdGkiOiJlOTgyN2NlMzViZDk0MDZkYjllYjA5MjNmNGUyZDFjYiIsInVzZXJfaWQiOiIxIn0.f3OmKDZ3gW5Tq5cl3250qKoTAGTl6Q_ooGEzlNIRQ7M", "created_at": "2025-10-30T18:56:11.321Z", "expires_at": "2025-11-06T18:56:11Z"}}, {"model": "token_blacklist.outstandingtoken", "pk": 6, "fields": {"user": 1, "jti": "d5747fb1b8e94636899e38f84f9e16ca", "token": "eyJhbGciOiJIUzI1NiIsInR5cCI6IkpXVCJ9.eyJ0b2tlbl90eXBlIjoicmVmcmVzaCIsImV4cCI6MTc2MjQ1NTk0NCwiaWF0IjoxNzYxODUxMTQ0LCJqdGkiOiJkNTc0N2ZiMWI4ZTk0NjM2ODk5ZTM4Zjg0ZjllMTZjYSIsInVzZXJfaWQiOiIxIn0.3JQkXhy65wEpEChVeU0IG815g9xjt1mauq6p114dha8", "created_at": "2025-10-30T19:05:44.422Z", "expires_at": "2025-11-06T19:05:44Z"}}, {"model": "token_blacklist.outstandingtoken", "pk": 7, "fields": {"user": 2, "jti": "ad8bae052a5b42998850085f13b7b551", "token": "eyJhbGciOiJIUzI1NiIsInR5cCI6IkpXVCJ9.eyJ0b2tlbl90eXBlIjoicmVmcmVzaCIsImV4cCI6MTc2MjQ1NzU1OSwiaWF0IjoxNzYxODUyNzU5LCJqdGkiOiJhZDhiYWUwNTJhNWI0Mjk5ODg1MDA4NWYxM2I3YjU1MSIsInVzZXJfaWQiOiIyIn0.bryq7HGMIDOz5Q0ChHyheoSv-4e-27nQrs4q63Dbcio", "created_at": "2025-10-30T19:32:39.558Z", "expires_at": "2025-11-06T19:32:39Z"}}, {"model": "token_blacklist.outstandingtoken", "pk": 8, "fields": {"user": 1, "jti": "b2707ddc87e5477c8382bf8003350d70", "token": "eyJhbGciOiJIUzI1NiIsInR5cCI6IkpXVCJ9.eyJ0b2tlbl90eXBlIjoicmVmcmVzaCIsImV4cCI6MTc2MjQ1NzYyMSwiaWF0IjoxNzYxODUyODIxLCJqdGkiOiJiMjcwN2RkYzg3ZTU0NzdjODM4MmJmODAwMzM1MGQ3MCIsInVzZXJfaWQiOiIxIn0.xK6FZ6Wa2COVGoxgAdAaNhwTw_8bTIc4Kb606jtUF40", "created_at": "2025-10-30T19:33:41.628Z", "expires_at": "2025-11-06T19:33:41Z"}}, {"model": "token_blacklist.outstandingtoken", "pk": 9, "fields": {"user": 1, "jti": "5c4cf19c63a9458097dd34c820abe98c", "token": "eyJhbGciOiJIUzI1NiIsInR5cCI6IkpXVCJ9.eyJ0b2tlbl90eXBlIjoicmVmcmVzaCIsImV4cCI6MTc2MjQ1ODA3MywiaWF0IjoxNzYxODUzMjczLCJqdGkiOiI1YzRjZjE5YzYzYTk0NTgwOTdkZDM0YzgyMGFiZTk4YyIsInVzZXJfaWQiOiIxIn0.uvtKYXQ1bVu1lZU4myruL3d_BQ-XE-VcegsQy5biw_Q", "created_at": "2025-10-30T19:41:13.731Z", "expires_at": "2025-11-06T19:41:13Z"}}, {"model": "token_blacklist.outstandingtoken", "pk": 10, "fields": {"user": 1, "jti": "d33074e0f46b401985986da5bc3a393b", "token": "eyJhbGciOiJIUzI1NiIsInR5cCI6IkpXVCJ9.eyJ0b2tlbl90eXBlIjoicmVmcmVzaCIsImV4cCI6MTc2MjQ1OTYwMiwiaWF0IjoxNzYxODU0ODAyLCJqdGkiOiJkMzMwNzRlMGY0NmI0MDE5ODU5ODZkYTViYzNhMzkzYiIsInVzZXJfaWQiOiIxIn0.JgbYmK3IdJ7B3FMXy2E7rV6N_7gAzLaKm5DChmpJirY", "created_at": "2025-10-30T20:06:42.315Z", "expires_at": "2025-11-06T20:06:42Z"}}, {"model": "token_blacklist.outstandingtoken", "pk": 11, "fields": {"user": 1, "jti": "b4558cb437cc45f8b3566776c5aeb766", "token": "eyJhbGciOiJIUzI1NiIsInR5cCI6IkpXVCJ9.eyJ0b2tlbl90eXBlIjoicmVmcmVzaCIsImV4cCI6MTc2MjQ2MDA3NiwiaWF0IjoxNzYxODU1Mjc2LCJqdGkiOiJiNDU1OGNiNDM3Y2M0NWY4YjM1NjY3NzZjNWFlYjc2NiIsInVzZXJfaWQiOiIxIn0.qTt4M6HfvKE88elGoOUAOjBnvwlYjUCucC8Ai71btXA", "created_at": "2025-10-30T20:14:36.532Z", "expires_at": "2025-11-06T20:14:36Z"}}, {"model": "token_blacklist.outstandingtoken", "pk": 12, "fields": {"user": 2, "jti": "9f4be6672802403690dcc2579d7d09c0", "token": "eyJhbGciOiJIUzI1NiIsInR5cCI6IkpXVCJ9.eyJ0b2tlbl90eXBlIjoicmVmcmVzaCIsImV4cCI6MTc2MjQ2MDg4NCwiaWF0IjoxNzYxODU2MDg0LCJqdGkiOiI5ZjRiZTY2NzI4MDI0MDM2OTBkY2MyNTc5ZDdkMDljMCIsInVzZXJfaWQiOiIyIn0.tC_csWUsN5WYUqsCYJc65sSDeuHQ7vCieisFUigmqwI", "created_at": "2025-10-30T20:28:04.403Z", "expires_at": "2025-11-06T20:28:04Z"}}, {"model": "token_blacklist.outstandingtoken", "pk": 13, "fields": {"user": 2, "jti": "74605ba574ee44fabc41460679c5e2ba", "token": "eyJhbGciOiJIUzI1NiIsInR5cCI6IkpXVCJ9.eyJ0b2tlbl90eXBlIjoicmVmcmVzaCIsImV4cCI6MTc2MjQ5OTc4MCwiaWF0IjoxNzYxODk0OTgwLCJqdGkiOiI3NDYwNWJhNTc0ZWU0NGZhYmM0MTQ2MDY3OWM1ZTJiYSIsInVzZXJfaWQiOiIyIn0.WaVmHVGbAnohZ9Kpv-Cd7mjJV9nklJs0XXX9OGRcrF0", "created_at": "2025-10-31T07:16:20.071Z", "expires_at": "2025-11-07T07:16:20Z"}}, {"model": "token_blacklist.outstandingtoken", "pk": 14, "fields": {"user": 2, "jti": "a0520c263d1c439883b2b1d31ef6b7e6", "token": "eyJhbGciOiJIUzI1NiIsInR5cCI6IkpXVCJ9.eyJ0b2tlbl90eXBlIjoicmVmcmVzaCIsImV4cCI6MTc2MjQ5OTgyMCwiaWF0IjoxNzYxODk1MDIwLCJqdGkiOiJhMDUyMGMyNjNkMWM0Mzk4ODNiMmIxZDMxZWY2YjdlNiIsInVzZXJfaWQiOiIyIn0.-6PRM_4G80PLsSGZXWDYG4MPmnRAUQDp89R2uFDBL84", "created_at": "2025-10-31T07:17:00.138Z", "expires_at": "2025-11-07T07:17:00Z"}}, {"model": "token_blacklist.outstandingtoken", "pk": 15, "fields": {"user": 2, "jti": "6adac373bf4b42c8be46b940bdf18f4b", "token": "eyJhbGciOiJIUzI1NiIsInR5cCI6IkpXVCJ9.eyJ0b2tlbl90eXBlIjoicmVmcmVzaCIsImV4cCI6MTc2MjQ5OTk3OSwiaWF0IjoxNzYxODk1MTc5LCJqdGkiOiI2YWRhYzM3M2JmNGI0MmM4YmU0NmI5NDBiZGYxOGY0YiIsInVzZXJfaWQiOiIyIn0.9QUiY9y5ghjap5Ttpx2h7ensfbu5HTCIaXJYS7R8ZX8", "created_at": "2025-10-31T07:19:39.776Z", "expires_at": "2025-11-07T07:19:39Z"}}, {"model": "token_blacklist.outstandingtoken", "pk": 16, "fields": {"user": 1, "jti": "a189d8e71deb4ff48a312aa4ae42c0ee", "token": "eyJhbGciOiJIUzI1NiIsInR5cCI6IkpXVCJ9.eyJ0b2tlbl90eXBlIjoicmVmcmVzaCIsImV4cCI6MTc2MjUwMjI1NiwiaWF0IjoxNzYxODk3NDU2LCJqdGkiOiJhMTg5ZDhlNzFkZWI0ZmY0OGEzMTJhYTRhZTQyYzBlZSIsInVzZXJfaWQiOiIxIn0.go5lo5bqgz5e7ArasLpWCLiHYrtx6edrXtlYrVkFj4U", "created_at": "2025-10-31T07:57:36.160Z", "expires_at": "2025-11-07T07:57:36Z"}}, {"model": "token_blacklist.outstandingtoken", "pk": 17, "fields": {"user": 2, "jti": "76fcd40c3e254e1aa970031c3e8719dd", "token": "eyJhbGciOiJIUzI1NiIsInR5cCI6IkpXVCJ9.eyJ0b2tlbl90eXBlIjoicmVmcmVzaCIsImV4cCI6MTc2MjUwNTg3NywiaWF0IjoxNzYxOTAxMDc3LCJqdGkiOiI3NmZjZDQwYzNlMjU0ZTFhYTk3MDAzMWMzZTg3MTlkZCIsInVzZXJfaWQiOiIyIn0.kMlKTLHQB3YIc_XTvfOpvpT5-UcL9bL3DO7Hp-Jgjzg", "created_at": "2025-10-31T08:57:57.200Z", "expires_at": "2025-11-07T08:57:57Z"}}, {"model": "token_blacklist.outstandingtoken", "pk": 18, "fields": {"user": 2, "jti": "1a282d9d94264443bb2ba4d33bd0edfa", "token": "eyJhbGciOiJIUzI1NiIsInR5cCI6IkpXVCJ9.eyJ0b2tlbl90eXBlIjoicmVmcmVzaCIsImV4cCI6MTc2MjUwNTg5NSwiaWF0IjoxNzYxOTAxMDk1LCJqdGkiOiIxYTI4MmQ5ZDk0MjY0NDQzYmIyYmE0ZDMzYmQwZWRmYSIsInVzZXJfaWQiOiIyIn0.W9R8HkjTxZXRrDGNIf50jwjrpirr0P4K7y5CX35V_7Q", "created_at": "2025-10-31T08:58:15.402Z", "expires_at": "2025-11-07T08:58:15Z"}}, {"model": "token_blacklist.outstandingtoken", "pk": 19, "fields": {"user": 1, "jti": "99e2496b3a2c486fbdd5bff06d6fd7ff", "token": "eyJhbGciOiJIUzI1NiIsInR5cCI6IkpXVCJ9.eyJ0b2tlbl90eXBlIjoicmVmcmVzaCIsImV4cCI6MTc2MjUwNTk4MCwiaWF0IjoxNzYxOTAxMTgwLCJqdGkiOiI5OWUyNDk2YjNhMmM0ODZmYmRkNWJmZjA2ZDZmZDdmZiIsInVzZXJfaWQiOiIxIn0.wJqO3ujDBBVh0_BvH4mG0zmycB7iBAFaoJSSLrdGkK4", "created_at": "2025-10-31T08:59:40.601Z", "expires_at": "2025-11-07T08:59:40Z"}}, {"model": "token_blacklist.outstandingtoken", "pk": 20, "fields": {"user": 2, "jti": "f3c9a1fd057d4bbca3dadb36f4409335", "token": "eyJhbGciOiJIUzI1NiIsInR5cCI6IkpXVCJ9.eyJ0b2tlbl90eXBlIjoicmVmcmVzaCIsImV4cCI6MTc2MjUwNzUyOSwiaWF0IjoxNzYxOTAyNzI5LCJqdGkiOiJmM2M5YTFmZDA1N2Q0YmJjYTNkYWRiMzZmNDQwOTMzNSIsInVzZXJfaWQiOiIyIn0.1CltX9vuZi5_im5j7qMwSXeu7xdZW2_NNRctv7I18OI", "created_at": "2025-10-31T09:25:29.532Z", "expires_at": "2025-11-07T09:25:29Z"}}, {"model": "token_blacklist.outstandingtoken", "pk": 21, "fields": {"user": 1, "jti": "5477e8eece21450e8dc20d833867e006", "token": "eyJhbGciOiJIUzI1NiIsInR5cCI6IkpXVCJ9.eyJ0b2tlbl90eXBlIjoicmVmcmVzaCIsImV4cCI6MTc2MjUwNzc2OCwiaWF0IjoxNzYxOTAyOTY4LCJqdGkiOiI1NDc3ZThlZWNlMjE0NTBlOGRjMjBkODMzODY3ZTAwNiIsInVzZXJfaWQiOiIxIn0.vV6CGkyLPuTwkeyTNePZI3ReOjoMsvN65c2PFa06GLY", "created_at": "2025-10-31T09:29:28.608Z", "expires_at": "2025-11-07T09:29:28Z"}}, {"model": "token_blacklist.outstandingtoken", "pk": 22, "fields": {"user": 2, "jti": "818b9c117859497b8a602be9a7582b32", "token": "eyJhbGciOiJIUzI1NiIsInR5cCI6IkpXVCJ9.eyJ0b2tlbl90eXBlIjoicmVmcmVzaCIsImV4cCI6MTc2MjUzODc1NCwiaWF0IjoxNzYxOTMzOTU0LCJqdGkiOiI4MThiOWMxMTc4NTk0OTdiOGE2MDJiZTlhNzU4MmIzMiIsInVzZXJfaWQiOiIyIn0.G1fvwb8v6rVpaIvMHf7Jd_QkWMkLQw85G7L4xEDGdEQ", "created_at": "2025-10-31T18:05:54.117Z", "expires_at": "2025-11-07T18:05:54Z"}}, {"model": "token_blacklist.outstandingtoken", "pk": 23, "fields": {"user": 1, "jti": "55239fffe96e40e4a5f574e0a88e3e51", "token": "eyJhbGciOiJIUzI1NiIsInR5cCI6IkpXVCJ9.eyJ0b2tlbl90eXBlIjoicmVmcmVzaCIsImV4cCI6MTc2MjU4MzIzNSwiaWF0IjoxNzYxOTc4NDM1LCJqdGkiOiI1NTIzOWZmZmU5NmU0MGU0YTVmNTc0ZTBhODhlM2U1MSIsInVzZXJfaWQiOiIxIn0.l2zUbcMRUFgyVu_E5fl2xu5VjluX5rkHy8n5Fy01Rus", "created_at": "2025-11-01T06:27:15.041Z", "expires_at": "2025-11-08T06:27:15Z"}}, {"model": "token_blacklist.outstandingtoken", "pk": 24, "fields": {"user": 2, "jti": "b0c08cf7ef86486aabc2fb4ed1ff93f4", "token": "eyJhbGciOiJIUzI1NiIsInR5cCI6IkpXVCJ9.eyJ0b2tlbl90eXBlIjoicmVmcmVzaCIsImV4cCI6MTc2MjYzMjM2NCwiaWF0IjoxNzYyMDI3NTY0LCJqdGkiOiJiMGMwOGNmN2VmODY0ODZhYWJjMmZiNGVkMWZmOTNmNCIsInVzZXJfaWQiOiIyIn0.89JRNJ6VGI1PYRLHx1dKcuk1v12yF00HAX_HILtAUG8", "created_at": "2025-11-01T20:06:04.012Z", "expires_at": "2025-11-08T20:06:04Z"}}, {"model": "token_blacklist.outstandingtoken", "pk": 25, "fields": {"user": 1, "jti": "fc8eb6d6941240478a9738ce284d429e", "token": "eyJhbGciOiJIUzI1NiIsInR5cCI6IkpXVCJ9.eyJ0b2tlbl90eXBlIjoicmVmcmVzaCIsImV4cCI6MTc2MjY3MTA1NSwiaWF0IjoxNzYyMDY2MjU1LCJqdGkiOiJmYzhlYjZkNjk0MTI0MDQ3OGE5NzM4Y2UyODRkNDI5ZSIsInVzZXJfaWQiOiIxIn0.ILIStRzAN93Woc4A-go_JLgHKoR1lBuJ4P72fHpXOi8", "created_at": "2025-11-02T06:50:55.210Z", "expires_at": "2025-11-09T06:50:55Z"}}, {"model": "token_blacklist.outstandingtoken", "pk": 26, "fields": {"user": 1, "jti": "824c16450dc343f7b99367020545687b", "token": "eyJhbGciOiJIUzI1NiIsInR5cCI6IkpXVCJ9.eyJ0b2tlbl90eXBlIjoicmVmcmVzaCIsImV4cCI6MTc2MzAyMDUwNiwiaWF0IjoxNzYyNDE1NzA2LCJqdGkiOiI4MjRjMTY0NTBkYzM0M2Y3Yjk5MzY3MDIwNTQ1Njg3YiIsInVzZXJfaWQiOiIxIn0.48HRaNEqo6egmCBf46eB9UGH6yONKmsqKuHqmYhiJJc", "created_at": "2025-11-06T07:55:06.915Z", "expires_at": "2025-11-13T07:55:06Z"}}, {"model": "token_blacklist.outstandingtoken", "pk": 27, "fields": {"user": 1, "jti": "fe390e8feb7147aebd6cb2b2384bdcd5", "token": "eyJhbGciOiJIUzI1NiIsInR5cCI6IkpXVCJ9.eyJ0b2tlbl90eXBlIjoicmVmcmVzaCIsImV4cCI6MTc2MzAyMTY4MSwiaWF0IjoxNzYyNDE2ODgxLCJqdGkiOiJmZTM5MGU4ZmViNzE0N2FlYmQ2Y2IyYjIzODRiZGNkNSIsInVzZXJfaWQiOiIxIn0.QXYlzexMT65-O3gAA1r5mTIU-bVcQnyD1vliYfmzV9c", "created_at": "2025-11-06T08:14:41.975Z", "expires_at": "2025-11-13T08:14:41Z"}}, {"model": "token_blacklist.outstandingtoken", "pk": 28, "fields": {"user": 1, "jti": "1d988f9034c44314801ecc3612dfde0e", "token": "eyJhbGciOiJIUzI1NiIsInR5cCI6IkpXVCJ9.eyJ0b2tlbl90eXBlIjoicmVmcmVzaCIsImV4cCI6MTc2MzAyMTY5NSwiaWF0IjoxNzYyNDE2ODk1LCJqdGkiOiIxZDk4OGY5MDM0YzQ0MzE0ODAxZWNjMzYxMmRmZGUwZSIsInVzZXJfaWQiOiIxIn0.ch1OTFfkVeozHadU0wXAc_IRHg7Rqo6kKTRx8oRdUgc", "created_at": "2025-11-06T08:14:55.409Z", "expires_at": "2025-11-13T08:14:55Z"}}, {"model": "token_blacklist.outstandingtoken", "pk": 29, "fields": {"user": 1, "jti": "96cedd7a6b594fd0b9db7d961e1c4169", "token": "eyJhbGciOiJIUzI1NiIsInR5cCI6IkpXVCJ9.eyJ0b2tlbl90eXBlIjoicmVmcmVzaCIsImV4cCI6MTc2MzAyMTcxMSwiaWF0IjoxNzYyNDE2OTExLCJqdGkiOiI5NmNlZGQ3YTZiNTk0ZmQwYjlkYjdkOTYxZTFjNDE2OSIsInVzZXJfaWQiOiIxIn0.4jU67rk7Y0fjLZjRUw-SRI6TmFG6MEIW6Pfa1ALYoRE", "created_at": "2025-11-06T08:15:11.543Z", "expires_at": "2025-11-13T08:15:11Z"}}, {"model": "token_blacklist.outstandingtoken", "pk": 30, "fields": {"user": 1, "jti": "5570ddb06b7e40438b51f479a8c149d2", "token": "eyJhbGciOiJIUzI1NiIsInR5cCI6IkpXVCJ9.eyJ0b2tlbl90eXBlIjoicmVmcmVzaCIsImV4cCI6MTc2MzAyMTcxMiwiaWF0IjoxNzYyNDE2OTEyLCJqdGkiOiI1NTcwZGRiMDZiN2U0MDQzOGI1MWY0NzlhOGMxNDlkMiIsInVzZXJfaWQiOiIxIn0.xAsSqzqUgSzosuQC_qIDMmSRuNweBkpSwArPNu5xlVU", "created_at": "2025-11-06T08:15:12.673Z", "expires_at": "2025-11-13T08:15:12Z"}}, {"model": "token_blacklist.outstandingtoken", "pk": 31, "fields": {"user": 1, "jti": "0caec3de70df40c8adb8fd1a6e16f78a", "token": "eyJhbGciOiJIUzI1NiIsInR5cCI6IkpXVCJ9.eyJ0b2tlbl90eXBlIjoicmVmcmVzaCIsImV4cCI6MTc2MzAyMTcxMywiaWF0IjoxNzYyNDE2OTEzLCJqdGkiOiIwY2FlYzNkZTcwZGY0MGM4YWRiOGZkMWE2ZTE2Zjc4YSIsInVzZXJfaWQiOiIxIn0.ttcDeNpN0TQjCfT_8HVyPi2CW50etDyqTWDCReLSn6g", "created_at": "2025-11-06T08:15:13.736Z", "expires_at": "2025-11-13T08:15:13Z"}}, {"model": "token_blacklist.outstandingtoken", "pk": 32, "fields": {"user": 1, "jti": "c6f79b55f07c45c0a3283fe38768fcef", "token": "eyJhbGciOiJIUzI1NiIsInR5cCI6IkpXVCJ9.eyJ0b2tlbl90eXBlIjoicmVmcmVzaCIsImV4cCI6MTc2MzAyMTc0OCwiaWF0IjoxNzYyNDE2OTQ4LCJqdGkiOiJjNmY3OWI1NWYwN2M0NWMwYTMyODNmZTM4NzY4ZmNlZiIsInVzZXJfaWQiOiIxIn0.ICSgZJ8kNeHcGQGkmMvBMQSbL6TNVxwYn_0DcNHVhR8", "created_at": "2025-11-06T08:15:48.098Z", "expires_at": "2025-11-13T08:15:48Z"}}, {"model": "token_blacklist.outstandingtoken", "pk": 33, "fields": {"user": 1, "jti": "f79a0eb41e5d4efcb8b6c51b87fce127", "token": "eyJhbGciOiJIUzI1NiIsInR5cCI6IkpXVCJ9.eyJ0b2tlbl90eXBlIjoicmVmcmVzaCIsImV4cCI6MTc2MzAyMjEwMCwiaWF0IjoxNzYyNDE3MzAwLCJqdGkiOiJmNzlhMGViNDFlNWQ0ZWZjYjhiNmM1MWI4N2ZjZTEyNyIsInVzZXJfaWQiOiIxIn0.nH_KOpchnhqs0tCxS_5IpSZqHmdbGhCjw5bDQ7h782A", "created_at": "2025-11-06T08:21:40.416Z", "expires_at": "2025-11-13T08:21:40Z"}}, {"model": "token_blacklist.outstandingtoken", "pk": 34, "fields": {"user": 1, "jti": "6e08d2e18cfc4dfa9a2b4f1377d904e9", "token": "eyJhbGciOiJIUzI1NiIsInR5cCI6IkpXVCJ9.eyJ0b2tlbl90eXBlIjoicmVmcmVzaCIsImV4cCI6MTc2MzE5Njk4MCwiaWF0IjoxNzYyNTkyMTgwLCJqdGkiOiI2ZTA4ZDJlMThjZmM0ZGZhOWEyYjRmMTM3N2Q5MDRlOSIsInVzZXJfaWQiOiIxIn0.9zsbtqgG-_nKQOdu9zXUfCoihq3QPCbOjox4iLNXw1Q", "created_at": "2025-11-08T08:56:20.830Z", "expires_at": "2025-11-15T08:56:20Z"}}, {"model": "token_blacklist.outstandingtoken", "pk": 35, "fields": {"user": 2, "jti": "a3ffe5fd7efe4cae8bbaf10711d0b029", "token": "eyJhbGciOiJIUzI1NiIsInR5cCI6IkpXVCJ9.eyJ0b2tlbl90eXBlIjoicmVmcmVzaCIsImV4cCI6MTc2NDE0MjIzMCwiaWF0IjoxNzYzNTM3NDMwLCJqdGkiOiJhM2ZmZTVmZDdlZmU0Y2FlOGJiYWYxMDcxMWQwYjAyOSIsInVzZXJfaWQiOiIyIn0.dS39Go7TzhblD4WCWd17JEah5-mtq_AvYUpqt1Z2N4E", "created_at": "2025-11-19T07:30:30.731Z", "expires_at": "2025-11-26T07:30:30Z"}}, {"model": "token_blacklist.outstandingtoken", "pk": 36, "fields": {"user": 1, "jti": "0b9b4d8fcf054ff8acdde55d6c081910", "token": "eyJhbGciOiJIUzI1NiIsInR5cCI6IkpXVCJ9.eyJ0b2tlbl90eXBlIjoicmVmcmVzaCIsImV4cCI6MTc2NDE0NDY5NSwiaWF0IjoxNzYzNTM5ODk1LCJqdGkiOiIwYjliNGQ4ZmNmMDU0ZmY4YWNkZGU1NWQ2YzA4MTkxMCIsInVzZXJfaWQiOiIxIn0.ig7ZNrxcmtu6DuNCS1kuu2ZVMvGlSISdOqdbkP4chsA", "created_at": "2025-11-19T08:11:35.024Z", "expires_at": "2025-11-26T08:11:35Z"}}, {"model": "token_blacklist.outstandingtoken", "pk": 37, "fields": {"user": 1, "jti": "010158d773694ef586de66616f7c3d30", "token": "eyJhbGciOiJIUzI1NiIsInR5cCI6IkpXVCJ9.eyJ0b2tlbl90eXBlIjoicmVmcmVzaCIsImV4cCI6MTc2NDE0NDY5NiwiaWF0IjoxNzYzNTM5ODk2LCJqdGkiOiIwMTAxNThkNzczNjk0ZWY1ODZkZTY2NjE2ZjdjM2QzMCIsInVzZXJfaWQiOiIxIn0.mXZm86H0WH1mMvTevroSL4ZeHmBzu6GrbViUR4PQsWs", "created_at": "2025-11-19T08:11:36.417Z", "expires_at": "2025-11-26T08:11:36Z"}}, {"model": "token_blacklist.outstandingtoken", "pk": 38, "fields": {"user": 1, "jti": "b43df70a869b41bca3bb559a8cfdcc3e", "token": "eyJhbGciOiJIUzI1NiIsInR5cCI6IkpXVCJ9.eyJ0b2tlbl90eXBlIjoicmVmcmVzaCIsImV4cCI6MTc2NDE0NDgxOCwiaWF0IjoxNzYzNTQwMDE4LCJqdGkiOiJiNDNkZjcwYTg2OWI0MWJjYTNiYjU1OWE4Y2ZkY2MzZSIsInVzZXJfaWQiOiIxIn0.m6igYJB25ms8ezMvVlzKZ1jKKSU37tRe45UnEUB-cEg", "created_at": "2025-11-19T08:13:38.684Z", "expires_at": "2025-11-26T08:13:38Z"}}, {"model": "token_blacklist.outstandingtoken", "pk": 39, "fields": {"user": 1, "jti": "b1b361fd9c4e4024af8ac10c6a96d52d", "token": "eyJhbGciOiJIUzI1NiIsInR5cCI6IkpXVCJ9.eyJ0b2tlbl90eXBlIjoicmVmcmVzaCIsImV4cCI6MTc2NDE0NDgyMCwiaWF0IjoxNzYzNTQwMDIwLCJqdGkiOiJiMWIzNjFmZDljNGU0MDI0YWY4YWMxMGM2YTk2ZDUyZCIsInVzZXJfaWQiOiIxIn0.pmJOBWzdyzm1frsh0eeyK4nGKqmPEbLk-AePEMEgaVE", "created_at": "2025-11-19T08:13:40.423Z", "expires_at": "2025-11-26T08:13:40Z"}}, {"model": "token_blacklist.outstandingtoken", "pk": 40, "fields": {"user": 1, "jti": "e644d56086fb42ffb1595ef13889396a", "token": "eyJhbGciOiJIUzI1NiIsInR5cCI6IkpXVCJ9.eyJ0b2tlbl90eXBlIjoicmVmcmVzaCIsImV4cCI6MTc2NDE0NDg4OSwiaWF0IjoxNzYzNTQwMDg5LCJqdGkiOiJlNjQ0ZDU2MDg2ZmI0MmZmYjE1OTVlZjEzODg5Mzk2YSIsInVzZXJfaWQiOiIxIn0.-IhvMB7eIm5h6RSNPUWHGptUzt-h2VhUntnp08bsyWQ", "created_at": "2025-11-19T08:14:49.077Z", "expires_at": "2025-11-26T08:14:49Z"}}, {"model": "token_blacklist.outstandingtoken", "pk": 41, "fields": {"user": 1, "jti": "a99482fa5dbc4337a5a51934e96d38dc", "token": "eyJhbGciOiJIUzI1NiIsInR5cCI6IkpXVCJ9.eyJ0b2tlbl90eXBlIjoicmVmcmVzaCIsImV4cCI6MTc2NDE0NjE1NSwiaWF0IjoxNzYzNTQxMzU1LCJqdGkiOiJhOTk0ODJmYTVkYmM0MzM3YTVhNTE5MzRlOTZkMzhkYyIsInVzZXJfaWQiOiIxIn0.qgkJA3tEPgzqdtml8UE3ysQkZM4nqwv-rQxuNJBmnVM", "created_at": "2025-11-19T08:35:55.157Z", "expires_at": "2025-11-26T08:35:55Z"}}, {"model": "token_blacklist.outstandingtoken", "pk": 42, "fields": {"user": 2, "jti": "e572b138ba7b4f7f944120ae7d86054f", "token": "eyJhbGciOiJIUzI1NiIsInR5cCI6IkpXVCJ9.eyJ0b2tlbl90eXBlIjoicmVmcmVzaCIsImV4cCI6MTc2NzgxMzQyMywiaWF0IjoxNzY3MjA4NjIzLCJqdGkiOiJlNTcyYjEzOGJhN2I0ZjdmOTQ0MTIwYWU3ZDg2MDU0ZiIsInVzZXJfaWQiOiIyIn0.BF50ShfstfgsVH8wvRgFhOA0Fx-yhPlhA-eTWu38ZeE", "created_at": "2025-12-31T19:17:03.129Z", "expires_at": "2026-01-07T19:17:03Z"}}, {"model": "token_blacklist.outstandingtoken", "pk": 43, "fields": {"user": 3, "jti": "b2480fe3d1af4ce988192a00b2f48235", "token": "eyJhbGciOiJIUzI1NiIsInR5cCI6IkpXVCJ9.eyJ0b2tlbl90eXBlIjoicmVmcmVzaCIsImV4cCI6MTc2Nzg5MTIyMCwiaWF0IjoxNzY3Mjg2NDIwLCJqdGkiOiJiMjQ4MGZlM2QxYWY0Y2U5ODgxOTJhMDBiMmY0ODIzNSIsInVzZXJfaWQiOiIzIn0.lYNEKFP7Vjj07E2pzHdfMBwvlAUXd3jiih9ZuGGfOk8", "created_at": "2026-01-01T16:53:40.859Z", "expires_at": "2026-01-08T16:53:40Z"}}, {"model": "token_blacklist.outstandingtoken", "pk": 44, "fields": {"user": 4, "jti": "eb0a50ac5f8841aabcdb5ed92a63f1da", "token": "eyJhbGciOiJIUzI1NiIsInR5cCI6IkpXVCJ9.eyJ0b2tlbl90eXBlIjoicmVmcmVzaCIsImV4cCI6MTc2Nzg5MzkzNSwiaWF0IjoxNzY3Mjg5MTM1LCJqdGkiOiJlYjBhNTBhYzVmODg0MWFhYmNkYjVlZDkyYTYzZjFkYSIsInVzZXJfaWQiOiI0In0.wKa_67AlC7FLQkhcuhnGUmxs_mmhFBCviK_DLmpoVLY", "created_at": "2026-01-01T17:38:55.311Z", "expires_at": "2026-01-08T17:38:55Z"}}, {"model": "token_blacklist.outstandingtoken", "pk": 45, "fields": {"user": 2, "jti": "d3b9ebde66b24330be8dabb318faf4b0", "token": "eyJhbGciOiJIUzI1NiIsInR5cCI6IkpXVCJ9.eyJ0b2tlbl90eXBlIjoicmVmcmVzaCIsImV4cCI6MTc3MTA1MDk2MCwiaWF0IjoxNzcwNDQ2MTYwLCJqdGkiOiJkM2I5ZWJkZTY2YjI0MzMwYmU4ZGFiYjMxOGZhZjRiMCIsInVzZXJfaWQiOiIyIn0.motSzC-Hed88_st9HGlFvT519cx4XLJjVk87sc0IVGg", "created_at": "2026-02-07T06:36:00.442Z", "expires_at": "2026-02-14T06:36:00Z"}}, {"model": "token_blacklist.outstandingtoken", "pk": 46, "fields": {"user": 2, "jti": "78faee77bf1b44dc87ed5d9b6648e519", "token": "eyJhbGciOiJIUzI1NiIsInR5cCI6IkpXVCJ9.eyJ0b2tlbl90eXBlIjoicmVmcmVzaCIsImV4cCI6MTc3MTEzNzYyMCwiaWF0IjoxNzcwNTMyODIwLCJqdGkiOiI3OGZhZWU3N2JmMWI0NGRjODdlZDVkOWI2NjQ4ZTUxOSIsInVzZXJfaWQiOiIyIn0.h5AiYeQnXoHB1BngkQ2MLrrdehj0DrFhIzEbxeg1bZw", "created_at": "2026-02-08T06:40:20.673Z", "expires_at": "2026-02-15T06:40:20Z"}}, {"model": "token_blacklist.outstandingtoken", "pk": 47, "fields": {"user": 2, "jti": "9065e294ad5446df881df546df40f670", "token": "eyJhbGciOiJIUzI1NiIsInR5cCI6IkpXVCJ9.eyJ0b2tlbl90eXBlIjoicmVmcmVzaCIsImV4cCI6MTc3MTI0NTAxNCwiaWF0IjoxNzcwNjQwMjE0LCJqdGkiOiI5MDY1ZTI5NGFkNTQ0NmRmODgxZGY1NDZkZjQwZjY3MCIsInVzZXJfaWQiOiIyIn0.2hYc52kFvRTjuCBgvgVqcm7z5TA7tUasdYhK1WE_18c", "created_at": "2026-02-09T12:30:14.154Z", "expires_at": "2026-02-16T12:30:14Z"}}, {"model": "token_blacklist.outstandingtoken", "pk": 48, "fields": {"user": 2, "jti": "f577eb40595440799a0d94b8174464fe", "token": "eyJhbGciOiJIUzI1NiIsInR5cCI6IkpXVCJ9.eyJ0b2tlbl90eXBlIjoicmVmcmVzaCIsImV4cCI6MTc3MTQxMzc4NSwiaWF0IjoxNzcwODA4OTg1LCJqdGkiOiJmNTc3ZWI0MDU5NTQ0MDc5OWEwZDk0YjgxNzQ0NjRmZSIsInVzZXJfaWQiOiIyIn0.UeyGaQIs6aBN17KJ6IE_U0TrIgWlDaFbY3rgm9tQgiE", "created_at": "2026-02-11T11:23:05.687Z", "expires_at": "2026-02-18T11:23:05Z"}}, {"model": "token_blacklist.outstandingtoken", "pk": 49, "fields": {"user": 2, "jti": "e6aa8056536348b1843862df199fbea6", "token": "eyJhbGciOiJIUzI1NiIsInR5cCI6IkpXVCJ9.eyJ0b2tlbl90eXBlIjoicmVmcmVzaCIsImV4cCI6MTc3MTQxMzkyNywiaWF0IjoxNzcwODA5MTI3LCJqdGkiOiJlNmFhODA1NjUzNjM0OGIxODQzODYyZGYxOTlmYmVhNiIsInVzZXJfaWQiOiIyIn0.0IgqoosQKIl80rtzsBHO_GkuAXodTcsoqjOfj0U_ca8", "created_at": "2026-02-11T11:25:27.280Z", "expires_at": "2026-02-18T11:25:27Z"}}, {"model": "token_blacklist.outstandingtoken", "pk": 50, "fields": {"user": 2, "jti": "296202088b254c1ea37831efe890859e", "token": "eyJhbGciOiJIUzI1NiIsInR5cCI6IkpXVCJ9.eyJ0b2tlbl90eXBlIjoicmVmcmVzaCIsImV4cCI6MTc3MTQxNTE3NiwiaWF0IjoxNzcwODEwMzc2LCJqdGkiOiIyOTYyMDIwODhiMjU0YzFlYTM3ODMxZWZlODkwODU5ZSIsInVzZXJfaWQiOiIyIn0.ON2589pZ-Zi21W7TcerxBCKJBubyh1qqbnYGDliCJQo", "created_at": "2026-02-11T11:46:16.586Z", "expires_at": "2026-02-18T11:46:16Z"}}, {"model": "token_blacklist.outstandingtoken", "pk": 51, "fields": {"user": 2, "jti": "48cc08d66d064e1b9ebe361d7deb9cd6", "token": "eyJhbGciOiJIUzI1NiIsInR5cCI6IkpXVCJ9.eyJ0b2tlbl90eXBlIjoicmVmcmVzaCIsImV4cCI6MTc3MTQxNjY5NywiaWF0IjoxNzcwODExODk3LCJqdGkiOiI0OGNjMDhkNjZkMDY0ZTFiOWViZTM2MWQ3ZGViOWNkNiIsInVzZXJfaWQiOiIyIn0.IHUcIYsUbzba2iMMWgWpJ5ri7MQUN1lrkSgEHkIss_M", "created_at": "2026-02-11T12:11:37.617Z", "expires_at": "2026-02-18T12:11:37Z"}}, {"model": "token_blacklist.outstandingtoken", "pk": 52, "fields": {"user": 2, "jti": "443449833b6e43d1bc9cba746e250e00", "token": "eyJhbGciOiJIUzI1NiIsInR5cCI6IkpXVCJ9.eyJ0b2tlbl90eXBlIjoicmVmcmVzaCIsImV4cCI6MTc3MTQxNzc4NCwiaWF0IjoxNzcwODEyOTg0LCJqdGkiOiI0NDM0NDk4MzNiNmU0M2QxYmM5Y2JhNzQ2ZTI1MGUwMCIsInVzZXJfaWQiOiIyIn0.yfnwBeCPtA9_F166skGIXRObxg64cTv0WlUuRpoXnFY", "created_at": "2026-02-11T12:29:44.402Z", "expires_at": "2026-02-18T12:29:44Z"}}, {"model": "token_blacklist.outstandingtoken", "pk": 53, "fields": {"user": 2, "jti": "e6cc529955bc4f129556beb933c9d7ae", "token": "eyJhbGciOiJIUzI1NiIsInR5cCI6IkpXVCJ9.eyJ0b2tlbl90eXBlIjoicmVmcmVzaCIsImV4cCI6MTc3MTQ5ODUxNCwiaWF0IjoxNzcwODkzNzE0LCJqdGkiOiJlNmNjNTI5OTU1YmM0ZjEyOTU1NmJlYjkzM2M5ZDdhZSIsInVzZXJfaWQiOiIyIn0.bnW66LfykpKgKC9jRl49YFjHTgpFVYzi4pdZQLDS5Z4", "created_at": "2026-02-12T10:55:14.930Z", "expires_at": "2026-02-19T10:55:14Z"}}, {"model": "token_blacklist.outstandingtoken", "pk": 54, "fields": {"user": 2, "jti": "591c39c8a6d744ecb6a478dc3d0f588d", "token": "eyJhbGciOiJIUzI1NiIsInR5cCI6IkpXVCJ9.eyJ0b2tlbl90eXBlIjoicmVmcmVzaCIsImV4cCI6MTc3MTQ5OTQ0MywiaWF0IjoxNzcwODk0NjQzLCJqdGkiOiI1OTFjMzljOGE2ZDc0NGVjYjZhNDc4ZGMzZDBmNTg4ZCIsInVzZXJfaWQiOiIyIn0.wJxfdUJRBWqGs6uP7bl1GytcPZKziVAfcN0_ROfAp14", "created_at": "2026-02-12T11:10:43.395Z", "expires_at": "2026-02-19T11:10:43Z"}}, {"model": "token_blacklist.outstandingtoken", "pk": 55, "fields": {"user": 2, "jti": "b37abf5a57ca43f08627bcfbfec06774", "token": "eyJhbGciOiJIUzI1NiIsInR5cCI6IkpXVCJ9.eyJ0b2tlbl90eXBlIjoicmVmcmVzaCIsImV4cCI6MTc3MTYwMjM5OCwiaWF0IjoxNzcwOTk3NTk4LCJqdGkiOiJiMzdhYmY1YTU3Y2E0M2YwODYyN2JjZmJmZWMwNjc3NCIsInVzZXJfaWQiOiIyIn0.6eBT2DQ4ImRfAHLA5tCEkgH2YbG7p8G038hVEa-cr6I", "created_at": "2026-02-13T15:46:38.818Z", "expires_at": "2026-02-20T15:46:38Z"}}, {"model": "token_blacklist.outstandingtoken", "pk": 56, "fields": {"user": 2, "jti": "32997fc97aed4ffb9434da9b4dfeab5b", "token": "eyJhbGciOiJIUzI1NiIsInR5cCI6IkpXVCJ9.eyJ0b2tlbl90eXBlIjoicmVmcmVzaCIsImV4cCI6MTc3MTY1NDU1MSwiaWF0IjoxNzcxMDQ5NzUxLCJqdGkiOiIzMjk5N2ZjOTdhZWQ0ZmZiOTQzNGRhOWI0ZGZlYWI1YiIsInVzZXJfaWQiOiIyIn0.bxuNwigzkZzzQUT-o_gAgwuHbhinTv9zhQNPbykWz6s", "created_at": "2026-02-14T06:15:51.828Z", "expires_at": "2026-02-21T06:15:51Z"}}, {"model": "token_blacklist.outstandingtoken", "pk": 57, "fields": {"user": 2, "jti": "5b56d4210c3b49b88434472719dc1140", "token": "eyJhbGciOiJIUzI1NiIsInR5cCI6IkpXVCJ9.eyJ0b2tlbl90eXBlIjoicmVmcmVzaCIsImV4cCI6MTc3MTc0NzcxOSwiaWF0IjoxNzcxMTQyOTE5LCJqdGkiOiI1YjU2ZDQyMTBjM2I0OWI4ODQzNDQ3MjcxOWRjMTE0MCIsInVzZXJfaWQiOiIyIn0.72g_NYTMkgdPwOFoniC0vlUSMoVYRI8pnMiFCFaw0eY", "created_at": "2026-02-15T08:08:39.412Z", "expires_at": "2026-02-22T08:08:39Z"}}, {"model": "token_blacklist.outstandingtoken", "pk": 58, "fields": {"user": 2, "jti": "b6ecb1910fb944e890862d029f86486b", "token": "eyJhbGciOiJIUzI1NiIsInR5cCI6IkpXVCJ9.eyJ0b2tlbl90eXBlIjoicmVmcmVzaCIsImV4cCI6MTc3MTc1MzkwMywiaWF0IjoxNzcxMTQ5MTAzLCJqdGkiOiJiNmVjYjE5MTBmYjk0NGU4OTA4NjJkMDI5Zjg2NDg2YiIsInVzZXJfaWQiOiIyIn0.2kjRtBdlzFCcLFLZdfX4EAS4QVF_GIGDixuAXvuO13Q", "created_at": "2026-02-15T09:51:43.128Z", "expires_at": "2026-02-22T09:51:43Z"}}, {"model": "token_blacklist.outstandingtoken", "pk": 59, "fields": {"user": 2, "jti": "0e73bab51ba9499d81692b20bb321f23", "token": "eyJhbGciOiJIUzI1NiIsInR5cCI6IkpXVCJ9.eyJ0b2tlbl90eXBlIjoicmVmcmVzaCIsImV4cCI6MTc3MTc1NjQ4NiwiaWF0IjoxNzcxMTUxNjg2LCJqdGkiOiIwZTczYmFiNTFiYTk0OTlkODE2OTJiMjBiYjMyMWYyMyIsInVzZXJfaWQiOiIyIn0.ac_ifLC-GQh5C1j2Fj7-XO9K-BINb46yqLwp8Gdg5GU", "created_at": "2026-02-15T10:34:46.168Z", "expires_at": "2026-02-22T10:34:46Z"}}, {"model": "token_blacklist.outstandingtoken", "pk": 60, "fields": {"user": 2, "jti": "0d365f8f93a541cdb3ea0a88b3f27111", "token": "eyJhbGciOiJIUzI1NiIsInR5cCI6IkpXVCJ9.eyJ0b2tlbl90eXBlIjoicmVmcmVzaCIsImV4cCI6MTc3MTc1NjcyNiwiaWF0IjoxNzcxMTUxOTI2LCJqdGkiOiIwZDM2NWY4ZjkzYTU0MWNkYjNlYTBhODhiM2YyNzExMSIsInVzZXJfaWQiOiIyIn0.XPVIe5oKE3pPOZhdWzOoSz1ddI7-3ywXxtmU9cJ3Meg", "created_at": "2026-02-15T10:38:46.210Z", "expires_at": "2026-02-22T10:38:46Z"}}, {"model": "token_blacklist.outstandingtoken", "pk": 61, "fields": {"user": 2, "jti": "4a6240f58a73420daeaae9b014830670", "token": "eyJhbGciOiJIUzI1NiIsInR5cCI6IkpXVCJ9.eyJ0b2tlbl90eXBlIjoicmVmcmVzaCIsImV4cCI6MTc3MTg1MTcwOCwiaWF0IjoxNzcxMjQ2OTA4LCJqdGkiOiI0YTYyNDBmNThhNzM0MjBkYWVhYWU5YjAxNDgzMDY3MCIsInVzZXJfaWQiOiIyIn0.wnmkc9aH8s-yvI8PFdWPlgWN21dYta2z4krwhlmv7cQ", "created_at": "2026-02-16T13:01:48.275Z", "expires_at": "2026-02-23T13:01:48Z"}}, {"model": "token_blacklist.outstandingtoken", "pk": 62, "fields": {"user": 2, "jti": "0aabca889c484544841528fd382650ef", "token": "eyJhbGciOiJIUzI1NiIsInR5cCI6IkpXVCJ9.eyJ0b2tlbl90eXBlIjoicmVmcmVzaCIsImV4cCI6MTc3MTkxOTk5MiwiaWF0IjoxNzcxMzE1MTkyLCJqdGkiOiIwYWFiY2E4ODljNDg0NTQ0ODQxNTI4ZmQzODI2NTBlZiIsInVzZXJfaWQiOiIyIn0.Fe6vlsEuTDIIKIMBNotNy0j35IySX0jcpbEoJqVBLaw", "created_at": "2026-02-17T07:59:52.500Z", "expires_at": "2026-02-24T07:59:52Z"}}, {"model": "token_blacklist.outstandingtoken", "pk": 63, "fields": {"user": 2, "jti": "df3dc383375b4cb2be387f9cadfadd25", "token": "eyJhbGciOiJIUzI1NiIsInR5cCI6IkpXVCJ9.eyJ0b2tlbl90eXBlIjoicmVmcmVzaCIsImV4cCI6MTc3MTkyMjk5MSwiaWF0IjoxNzcxMzE4MTkxLCJqdGkiOiJkZjNkYzM4MzM3NWI0Y2IyYmUzODdmOWNhZGZhZGQyNSIsInVzZXJfaWQiOiIyIn0.Bgqkw965LqoBgk9A4Ad8tyDPFrUTP2me2WaRzeEpfbs", "created_at": "2026-02-17T08:49:51.429Z", "expires_at": "2026-02-24T08:49:51Z"}}, {"model": "token_blacklist.outstandingtoken", "pk": 64, "fields": {"user": 2, "jti": "e72e22ffee3141bf9b06dca61000cefe", "token": "eyJhbGciOiJIUzI1NiIsInR5cCI6IkpXVCJ9.eyJ0b2tlbl90eXBlIjoicmVmcmVzaCIsImV4cCI6MTc3MTk2MDU4MiwiaWF0IjoxNzcxMzU1NzgyLCJqdGkiOiJlNzJlMjJmZmVlMzE0MWJmOWIwNmRjYTYxMDAwY2VmZSIsInVzZXJfaWQiOiIyIn0.dAP5uW5meAkqtIhCejinEvl5W7Ihv10ZnXzhKiMS090", "created_at": "2026-02-17T19:16:22.642Z", "expires_at": "2026-02-24T19:16:22Z"}}, {"model": "token_blacklist.outstandingtoken", "pk": 65, "fields": {"user": 2, "jti": "986e7faeb15140b08b5895902d35159b", "token": "eyJhbGciOiJIUzI1NiIsInR5cCI6IkpXVCJ9.eyJ0b2tlbl90eXBlIjoicmVmcmVzaCIsImV4cCI6MTc3MjAwMDUyMywiaWF0IjoxNzcxMzk1NzIzLCJqdGkiOiI5ODZlN2ZhZWIxNTE0MGIwOGI1ODk1OTAyZDM1MTU5YiIsInVzZXJfaWQiOiIyIn0.3mtOb5qYDfK29fZ6LhyXG7is8Due7bmCeJCedQYfb4o", "created_at": "2026-02-18T06:22:03.768Z", "expires_at": "2026-02-25T06:22:03Z"}}, {"model": "token_blacklist.outstandingtoken", "pk": 66, "fields": {"user": 2, "jti": "53492bfccc364c5a993c066e5ce3d6e6", "token": "eyJhbGciOiJIUzI1NiIsInR5cCI6IkpXVCJ9.eyJ0b2tlbl90eXBlIjoicmVmcmVzaCIsImV4cCI6MTc3MjAyMjEyMiwiaWF0IjoxNzcxNDE3MzIyLCJqdGkiOiI1MzQ5MmJmY2NjMzY0YzVhOTkzYzA2NmU1Y2UzZDZlNiIsInVzZXJfaWQiOiIyIn0.ggzQ3PRUCZWf3FY3mJOZw2Lc7WI9iJyneP3w5Nx1yNc", "created_at": "2026-02-18T12:22:02.787Z", "expires_at": "2026-02-25T12:22:02Z"}}, {"model": "token_blacklist.outstandingtoken", "pk": 67, "fields": {"user": 2, "jti": "64b278ea7d754454b14f6b106aefe426", "token": "eyJhbGciOiJIUzI1NiIsInR5cCI6IkpXVCJ9.eyJ0b2tlbl90eXBlIjoicmVmcmVzaCIsImV4cCI6MTc3MjAyMjc2NCwiaWF0IjoxNzcxNDE3OTY0LCJqdGkiOiI2NGIyNzhlYTdkNzU0NDU0YjE0ZjZiMTA2YWVmZTQyNiIsInVzZXJfaWQiOiIyIn0.yQ6hg6swxxRdMxwxR-lXMPWnd-jky4GOPEDoMPVwOmk", "created_at": "2026-02-18T12:32:44.904Z", "expires_at": "2026-02-25T12:32:44Z"}}, {"model": "token_blacklist.outstandingtoken", "pk": 68, "fields": {"user": 2, "jti": "d2aeb8bc049f4260a2787ee1da5acd9a", "token": "eyJhbGciOiJIUzI1NiIsInR5cCI6IkpXVCJ9.eyJ0b2tlbl90eXBlIjoicmVmcmVzaCIsImV4cCI6MTc3MjA5NTM4NiwiaWF0IjoxNzcxNDkwNTg2LCJqdGkiOiJkMmFlYjhiYzA0OWY0MjYwYTI3ODdlZTFkYTVhY2Q5YSIsInVzZXJfaWQiOiIyIn0.Aka2dwO4bCz4GdOyVUVoDxwcOG4HGJPFzvcXU7UYL9k", "created_at": "2026-02-19T08:43:06.603Z", "expires_at": "2026-02-26T08:43:06Z"}}, {"model": "token_blacklist.outstandingtoken", "pk": 69, "fields": {"user": 2, "jti": "4b36940257444ff39e7e0192879b18b6", "token": "eyJhbGciOiJIUzI1NiIsInR5cCI6IkpXVCJ9.eyJ0b2tlbl90eXBlIjoicmVmcmVzaCIsImV4cCI6MTc3MjExNDg0NywiaWF0IjoxNzcxNTEwMDQ3LCJqdGkiOiI0YjM2OTQwMjU3NDQ0ZmYzOWU3ZTAxOTI4NzliMThiNiIsInVzZXJfaWQiOiIyIn0.j2gl9p7PAjzYakThoQLT862HYXvwfqcg0uJ6XOegsMk", "created_at": "2026-02-19T14:07:27.764Z", "expires_at": "2026-02-26T14:07:27Z"}}, {"model": "token_blacklist.outstandingtoken", "pk": 70, "fields": {"user": 2, "jti": "c82b98e5182d4c519b98fd209dfcf506", "token": "eyJhbGciOiJIUzI1NiIsInR5cCI6IkpXVCJ9.eyJ0b2tlbl90eXBlIjoicmVmcmVzaCIsImV4cCI6MTc3MjExNTA3NSwiaWF0IjoxNzcxNTEwMjc1LCJqdGkiOiJjODJiOThlNTE4MmQ0YzUxOWI5OGZkMjA5ZGZjZjUwNiIsInVzZXJfaWQiOiIyIn0.08SrUEueYTLluqVyrtGaB_lim9WZdXW6KjvTLnaRQto", "created_at": "2026-02-19T14:11:15.707Z", "expires_at": "2026-02-26T14:11:15Z"}}, {"model": "token_blacklist.outstandingtoken", "pk": 71, "fields": {"user": 2, "jti": "bdc34eff63fe4c50adcecf686a9dceca", "token": "eyJhbGciOiJIUzI1NiIsInR5cCI6IkpXVCJ9.eyJ0b2tlbl90eXBlIjoicmVmcmVzaCIsImV4cCI6MTc3MjExNjQwOSwiaWF0IjoxNzcxNTExNjA5LCJqdGkiOiJiZGMzNGVmZjYzZmU0YzUwYWRjZWNmNjg2YTlkY2VjYSIsInVzZXJfaWQiOiIyIn0.la3qzfHznAyo55D5D6JFeNdchtXZW5U6ydU5OYfYHBA", "created_at": "2026-02-19T14:33:29.253Z", "expires_at": "2026-02-26T14:33:29Z"}}, {"model": "token_blacklist.outstandingtoken", "pk": 72, "fields": {"user": 2, "jti": "9ad000a95e004e128eb0c82d116d05d8", "token": "eyJhbGciOiJIUzI1NiIsInR5cCI6IkpXVCJ9.eyJ0b2tlbl90eXBlIjoicmVmcmVzaCIsImV4cCI6MTc3MjExNjgyNCwiaWF0IjoxNzcxNTEyMDI0LCJqdGkiOiI5YWQwMDBhOTVlMDA0ZTEyOGViMGM4MmQxMTZkMDVkOCIsInVzZXJfaWQiOiIyIn0.VFLuLoVCeaSQuPgMFKqe4ozytqfKU9vgrD2hgQ8IiJw", "created_at": "2026-02-19T14:40:24.838Z", "expires_at": "2026-02-26T14:40:24Z"}}, {"model": "token_blacklist.outstandingtoken", "pk": 73, "fields": {"user": 2, "jti": "a213afe3df654292bfc8217903834a6a", "token": "eyJhbGciOiJIUzI1NiIsInR5cCI6IkpXVCJ9.eyJ0b2tlbl90eXBlIjoicmVmcmVzaCIsImV4cCI6MTc3MjExNzg5NiwiaWF0IjoxNzcxNTEzMDk2LCJqdGkiOiJhMjEzYWZlM2RmNjU0MjkyYmZjODIxNzkwMzgzNGE2YSIsInVzZXJfaWQiOiIyIn0.Y-63NrORJp5XSqX29PHC5e5QeUrxCVLHXbyzRaQdPLg", "created_at": "2026-02-19T14:58:16.897Z", "expires_at": "2026-02-26T14:58:16Z"}}, {"model": "token_blacklist.outstandingtoken", "pk": 74, "fields": {"user": 2, "jti": "c1c6db7fc5984658a16f018f53df3204", "token": "eyJhbGciOiJIUzI1NiIsInR5cCI6IkpXVCJ9.eyJ0b2tlbl90eXBlIjoicmVmcmVzaCIsImV4cCI6MTc3MjE4MjkwMiwiaWF0IjoxNzcxNTc4MTAyLCJqdGkiOiJjMWM2ZGI3ZmM1OTg0NjU4YTE2ZjAxOGY1M2RmMzIwNCIsInVzZXJfaWQiOiIyIn0.gQ1feDLu3tGVQPv-4T6Q6Yab84gHZZGJlrNI-J03UV0", "created_at": "2026-02-20T09:01:42.081Z", "expires_at": "2026-02-27T09:01:42Z"}}, {"model": "token_blacklist.outstandingtoken", "pk": 75, "fields": {"user": 2, "jti": "c501d3b42cfe4c7ea81d20a5d0814861", "token": "eyJhbGciOiJIUzI1NiIsInR5cCI6IkpXVCJ9.eyJ0b2tlbl90eXBlIjoicmVmcmVzaCIsImV4cCI6MTc3MjIxODcyMSwiaWF0IjoxNzcxNjEzOTIxLCJqdGkiOiJjNTAxZDNiNDJjZmU0YzdlYTgxZDIwYTVkMDgxNDg2MSIsInVzZXJfaWQiOiIyIn0.HcP6qkWC4G2sxSACARdoV3DYAQPqeOCqBqUr2q80S3s", "created_at": "2026-02-20T18:58:41.001Z", "expires_at": "2026-02-27T18:58:41Z"}}, {"model": "token_blacklist.outstandingtoken", "pk": 76, "fields": {"user": 2, "jti": "b5bb35e673fd4680a30406a1c67264ff", "token": "eyJhbGciOiJIUzI1NiIsInR5cCI6IkpXVCJ9.eyJ0b2tlbl90eXBlIjoicmVmcmVzaCIsImV4cCI6MTc3MjI3NTgyOSwiaWF0IjoxNzcxNjcxMDI5LCJqdGkiOiJiNWJiMzVlNjczZmQ0NjgwYTMwNDA2YTFjNjcyNjRmZiIsInVzZXJfaWQiOiIyIn0.iebslVWnf6ojhzGhvx30qyCGF_H5QULTsAIcgnzguIU", "created_at": "2026-02-21T10:50:29.564Z", "expires_at": "2026-02-28T10:50:29Z"}}, {"model": "token_blacklist.outstandingtoken", "pk": 77, "fields": {"user": 2, "jti": "064a053a0c954be2a12c770e0e7a1b05", "token": "eyJhbGciOiJIUzI1NiIsInR5cCI6IkpXVCJ9.eyJ0b2tlbl90eXBlIjoicmVmcmVzaCIsImV4cCI6MTc3MjI4ODg5MSwiaWF0IjoxNzcxNjg0MDkxLCJqdGkiOiIwNjRhMDUzYTBjOTU0YmUyYTEyYzc3MGUwZTdhMWIwNSIsInVzZXJfaWQiOiIyIn0.thDsXUoKFJFUhM8VhnkOVQvnPcV8KpeQNC0xU9vZDuQ", "created_at": "2026-02-21T14:28:11.751Z", "expires_at": "2026-02-28T14:28:11Z"}}, {"model": "token_blacklist.outstandingtoken", "pk": 78, "fields": {"user": 2, "jti": "a610d47cc51642a0898ab3157ced9ee6", "token": "eyJhbGciOiJIUzI1NiIsInR5cCI6IkpXVCJ9.eyJ0b2tlbl90eXBlIjoicmVmcmVzaCIsImV4cCI6MTc3MjI5MDIxOSwiaWF0IjoxNzcxNjg1NDE5LCJqdGkiOiJhNjEwZDQ3Y2M1MTY0MmEwODk4YWIzMTU3Y2VkOWVlNiIsInVzZXJfaWQiOiIyIn0.oGIqlFNHXFtf17_svdgZgvjocXmiuuExUjN7lurTLxA", "created_at": "2026-02-21T14:50:19.200Z", "expires_at": "2026-02-28T14:50:19Z"}}, {"model": "token_blacklist.outstandingtoken", "pk": 79, "fields": {"user": 2, "jti": "0dedbeb936c145d8901d7bca889231d9", "token": "eyJhbGciOiJIUzI1NiIsInR5cCI6IkpXVCJ9.eyJ0b2tlbl90eXBlIjoicmVmcmVzaCIsImV4cCI6MTc3MjI5MDQyOCwiaWF0IjoxNzcxNjg1NjI4LCJqdGkiOiIwZGVkYmViOTM2YzE0NWQ4OTAxZDdiY2E4ODkyMzFkOSIsInVzZXJfaWQiOiIyIn0.VkC72eH5fejNMKhKdg8EFvF2UaRFJj22R-SO3IMIpHA", "created_at": "2026-02-21T14:53:48.972Z", "expires_at": "2026-02-28T14:53:48Z"}}, {"model": "token_blacklist.outstandingtoken", "pk": 80, "fields": {"user": 2, "jti": "cf69f1681d704e71a32e7b9898db36cb", "token": "eyJhbGciOiJIUzI1NiIsInR5cCI6IkpXVCJ9.eyJ0b2tlbl90eXBlIjoicmVmcmVzaCIsImV4cCI6MTc3MjI5MTAyNCwiaWF0IjoxNzcxNjg2MjI0LCJqdGkiOiJjZjY5ZjE2ODFkNzA0ZTcxYTMyZTdiOTg5OGRiMzZjYiIsInVzZXJfaWQiOiIyIn0.IIXsHxaOJtmc6Mr1KZVCnUtRtLXMUzWqu-5XMDCpinA", "created_at": "2026-02-21T15:03:44.568Z", "expires_at": "2026-02-28T15:03:44Z"}}, {"model": "token_blacklist.outstandingtoken", "pk": 81, "fields": {"user": 2, "jti": "8aecdd4ec25e4956956c380721e2b57e", "token": "eyJhbGciOiJIUzI1NiIsInR5cCI6IkpXVCJ9.eyJ0b2tlbl90eXBlIjoicmVmcmVzaCIsImV4cCI6MTc3MjI5MTM1NywiaWF0IjoxNzcxNjg2NTU3LCJqdGkiOiI4YWVjZGQ0ZWMyNWU0OTU2OTU2YzM4MDcyMWUyYjU3ZSIsInVzZXJfaWQiOiIyIn0.zcQl3lBahiDJkmpJficKVNMISwKYlF2VfzEknjeoyBc", "created_at": "2026-02-21T15:09:17.941Z", "expires_at": "2026-02-28T15:09:17Z"}}, {"model": "token_blacklist.outstandingtoken", "pk": 82, "fields": {"user": 2, "jti": "0cabf88bbfde4eb0886b8fd00f39a88b", "token": "eyJhbGciOiJIUzI1NiIsInR5cCI6IkpXVCJ9.eyJ0b2tlbl90eXBlIjoicmVmcmVzaCIsImV4cCI6MTc3MjMxNjg3NywiaWF0IjoxNzcxNzEyMDc3LCJqdGkiOiIwY2FiZjg4YmJmZGU0ZWIwODg2YjhmZDAwZjM5YTg4YiIsInVzZXJfaWQiOiIyIn0.OaZcrvLJb7uYlgRfuK4BQX8rUq8ePXDlgTooomaBhho", "created_at": "2026-02-21T22:14:37.506Z", "expires_at": "2026-02-28T22:14:37Z"}}, {"model": "token_blacklist.outstandingtoken", "pk": 83, "fields": {"user": 2, "jti": "7dc57f128aad489a90bc173a184f5c7b", "token": "eyJhbGciOiJIUzI1NiIsInR5cCI6IkpXVCJ9.eyJ0b2tlbl90eXBlIjoicmVmcmVzaCIsImV4cCI6MTc3MjM2MDg0OSwiaWF0IjoxNzcxNzU2MDQ5LCJqdGkiOiI3ZGM1N2YxMjhhYWQ0ODlhOTBiYzE3M2ExODRmNWM3YiIsInVzZXJfaWQiOiIyIn0.EKK8-0LCzL8DYFvMopTFCPuuao1fw6oqypbawRIgOiI", "created_at": "2026-02-22T10:27:29.829Z", "expires_at": "2026-03-01T10:27:29Z"}}, {"model": "token_blacklist.outstandingtoken", "pk": 84, "fields": {"user": 2, "jti": "d5ba237e818c4c658a7d49e0924138fd", "token": "eyJhbGciOiJIUzI1NiIsInR5cCI6IkpXVCJ9.eyJ0b2tlbl90eXBlIjoicmVmcmVzaCIsImV4cCI6MTc3MjM3OTk3OSwiaWF0IjoxNzcxNzc1MTc5LCJqdGkiOiJkNWJhMjM3ZTgxOGM0YzY1OGE3ZDQ5ZTA5MjQxMzhmZCIsInVzZXJfaWQiOiIyIn0.L01WerLsY444OGm1YZ8H3v_6qFidDbgjpxW9x4XGpB0", "created_at": "2026-02-22T15:46:19.155Z", "expires_at": "2026-03-01T15:46:19Z"}}, {"model": "token_blacklist.outstandingtoken", "pk": 85, "fields": {"user": 1, "jti": "8b37dbf36aa1432cb36f6215ea4c0eb3", "token": "eyJhbGciOiJIUzI1NiIsInR5cCI6IkpXVCJ9.eyJ0b2tlbl90eXBlIjoicmVmcmVzaCIsImV4cCI6MTc3MjM4MDc0MCwiaWF0IjoxNzcxNzc1OTQwLCJqdGkiOiI4YjM3ZGJmMzZhYTE0MzJjYjM2ZjYyMTVlYTRjMGViMyIsInVzZXJfaWQiOiIxIn0.PpEwGLFD0rJeZOfImO8SMCph7InQa9ljRrh2GWBhx08", "created_at": "2026-02-22T15:59:00.116Z", "expires_at": "2026-03-01T15:59:00Z"}}, {"model": "token_blacklist.outstandingtoken", "pk": 86, "fields": {"user": 1, "jti": "e8f3ab1993884fedacc63ef59da16bff", "token": "eyJhbGciOiJIUzI1NiIsInR5cCI6IkpXVCJ9.eyJ0b2tlbl90eXBlIjoicmVmcmVzaCIsImV4cCI6MTc3MjM4MjI5MywiaWF0IjoxNzcxNzc3NDkzLCJqdGkiOiJlOGYzYWIxOTkzODg0ZmVkYWNjNjNlZjU5ZGExNmJmZiIsInVzZXJfaWQiOiIxIn0.t_IZYOSBL29JwUHLfJfZTuif9Ebj3nTRVuifAFwVJh8", "created_at": "2026-02-22T16:24:53.877Z", "expires_at": "2026-03-01T16:24:53Z"}}, {"model": "token_blacklist.outstandingtoken", "pk": 87, "fields": {"user": 1, "jti": "596909c202634e20a5ddda524a5b8c62", "token": "eyJhbGciOiJIUzI1NiIsInR5cCI6IkpXVCJ9.eyJ0b2tlbl90eXBlIjoicmVmcmVzaCIsImV4cCI6MTc3MjM4NTgxNSwiaWF0IjoxNzcxNzgxMDE1LCJqdGkiOiI1OTY5MDljMjAyNjM0ZTIwYTVkZGRhNTI0YTViOGM2MiIsInVzZXJfaWQiOiIxIn0.3mhSMujZRNGhietMBuuteB0n7L31Ikdm0RWRbXaWWu4", "created_at": "2026-02-22T17:23:35.242Z", "expires_at": "2026-03-01T17:23:35Z"}}, {"model": "token_blacklist.outstandingtoken", "pk": 88, "fields": {"user": 2, "jti": "b44f108bfaed477da3c2f35fe2b8eba5", "token": "eyJhbGciOiJIUzI1NiIsInR5cCI6IkpXVCJ9.eyJ0b2tlbl90eXBlIjoicmVmcmVzaCIsImV4cCI6MTc3MjQ1MTc5NSwiaWF0IjoxNzcxODQ2OTk1LCJqdGkiOiJiNDRmMTA4YmZhZWQ0NzdkYTNjMmYzNWZlMmI4ZWJhNSIsInVzZXJfaWQiOiIyIn0.4lpki4LcOCMrGptJXmUoKOhFJ2IjoLJS2UXzEH5_dgw", "created_at": "2026-02-23T11:43:15.276Z", "expires_at": "2026-03-02T11:43:15Z"}}, {"model": "token_blacklist.outstandingtoken", "pk": 89, "fields": {"user": 2, "jti": "8b6295f422ce42a7957adfc03901315b", "token": "eyJhbGciOiJIUzI1NiIsInR5cCI6IkpXVCJ9.eyJ0b2tlbl90eXBlIjoicmVmcmVzaCIsImV4cCI6MTc3MjQ1MTk4MSwiaWF0IjoxNzcxODQ3MTgxLCJqdGkiOiI4YjYyOTVmNDIyY2U0MmE3OTU3YWRmYzAzOTAxMzE1YiIsInVzZXJfaWQiOiIyIn0.TcMPHH0DmHykyfM6pXkyi1UrYboBo4wCAI1Hve9j7Hs", "created_at": "2026-02-23T11:46:21.960Z", "expires_at": "2026-03-02T11:46:21Z"}}, {"model": "token_blacklist.outstandingtoken", "pk": 90, "fields": {"user": 2, "jti": "faf503dd21a54208aab8b4853aae50c6", "token": "eyJhbGciOiJIUzI1NiIsInR5cCI6IkpXVCJ9.eyJ0b2tlbl90eXBlIjoicmVmcmVzaCIsImV4cCI6MTc3MjQ1MjAzNCwiaWF0IjoxNzcxODQ3MjM0LCJqdGkiOiJmYWY1MDNkZDIxYTU0MjA4YWFiOGI0ODUzYWFlNTBjNiIsInVzZXJfaWQiOiIyIn0.XiVemsKi1nERtIzY-rsNjs_aUUm0k5QvyN2DKk9xKJg", "created_at": "2026-02-23T11:47:14.969Z", "expires_at": "2026-03-02T11:47:14Z"}}, {"model": "token_blacklist.outstandingtoken", "pk": 91, "fields": {"user": 2, "jti": "7ed377795275413cb7a92cea3af1f4a9", "token": "eyJhbGciOiJIUzI1NiIsInR5cCI6IkpXVCJ9.eyJ0b2tlbl90eXBlIjoicmVmcmVzaCIsImV4cCI6MTc3MjQ1MjAzOCwiaWF0IjoxNzcxODQ3MjM4LCJqdGkiOiI3ZWQzNzc3OTUyNzU0MTNjYjdhOTJjZWEzYWYxZjRhOSIsInVzZXJfaWQiOiIyIn0.jXj7oux-QRI78yG3nNHMBf457IefNx2bslbX3q9hQfk", "created_at": "2026-02-23T11:47:18.428Z", "expires_at": "2026-03-02T11:47:18Z"}}, {"model": "token_blacklist.outstandingtoken", "pk": 92, "fields": {"user": 1, "jti": "3beed84099634919b7b9f3707c6e5192", "token": "eyJhbGciOiJIUzI1NiIsInR5cCI6IkpXVCJ9.eyJ0b2tlbl90eXBlIjoicmVmcmVzaCIsImV4cCI6MTc3MjQ1MjA0MywiaWF0IjoxNzcxODQ3MjQzLCJqdGkiOiIzYmVlZDg0MDk5NjM0OTE5YjdiOWYzNzA3YzZlNTE5MiIsInVzZXJfaWQiOiIxIn0.7VhiGdyMcLaRK4iw78hJ6OsfJERyXKXK8GLDoCcV93w", "created_at": "2026-02-23T11:47:23.174Z", "expires_at": "2026-03-02T11:47:23Z"}}, {"model": "token_blacklist.outstandingtoken", "pk": 93, "fields": {"user": 2, "jti": "44c7b1e78d3848c78f62b9e0263fb3dd", "token": "eyJhbGciOiJIUzI1NiIsInR5cCI6IkpXVCJ9.eyJ0b2tlbl90eXBlIjoicmVmcmVzaCIsImV4cCI6MTc3MjQ2MDU4MywiaWF0IjoxNzcxODU1NzgzLCJqdGkiOiI0NGM3YjFlNzhkMzg0OGM3OGY2MmI5ZTAyNjNmYjNkZCIsInVzZXJfaWQiOiIyIn0.h6B4Ne7D7mqOiMOCtSQiJoSRs9buYiBP1SpPd8uN78I", "created_at": "2026-02-23T14:09:43.683Z", "expires_at": "2026-03-02T14:09:43Z"}}, {"model": "token_blacklist.outstandingtoken", "pk": 94, "fields": {"user": 1, "jti": "57e1a6d8aa7b4086bd578cc61f1214c9", "token": "eyJhbGciOiJIUzI1NiIsInR5cCI6IkpXVCJ9.eyJ0b2tlbl90eXBlIjoicmVmcmVzaCIsImV4cCI6MTc3MjQ2OTEyMCwiaWF0IjoxNzcxODY0MzIwLCJqdGkiOiI1N2UxYTZkOGFhN2I0MDg2YmQ1NzhjYzYxZjEyMTRjOSIsInVzZXJfaWQiOiIxIn0.QPbvD9JTqsDyd01cnmW5ng6BSLxABp7z-9MGvn26_IQ", "created_at": "2026-02-23T16:32:00.705Z", "expires_at": "2026-03-02T16:32:00Z"}}, {"model": "token_blacklist.outstandingtoken", "pk": 95, "fields": {"user": 2, "jti": "5eea9e6aaf9b4162bfba2d4c3305709e", "token": "eyJhbGciOiJIUzI1NiIsInR5cCI6IkpXVCJ9.eyJ0b2tlbl90eXBlIjoicmVmcmVzaCIsImV4cCI6MTc3MjQ3MTEyOCwiaWF0IjoxNzcxODY2MzI4LCJqdGkiOiI1ZWVhOWU2YWFmOWI0MTYyYmZiYTJkNGMzMzA1NzA5ZSIsInVzZXJfaWQiOiIyIn0.Qdv3BqWxA74soiL6yZGDPMIe4SrkiCKr_xtZ69D5xBw", "created_at": "2026-02-23T17:05:28.655Z", "expires_at": "2026-03-02T17:05:28Z"}}, {"model": "token_blacklist.outstandingtoken", "pk": 96, "fields": {"user": 1, "jti": "152badad067a4ac596d3e889415e61ca", "token": "eyJhbGciOiJIUzI1NiIsInR5cCI6IkpXVCJ9.eyJ0b2tlbl90eXBlIjoicmVmcmVzaCIsImV4cCI6MTc3MjUxOTEwMywiaWF0IjoxNzcxOTE0MzAzLCJqdGkiOiIxNTJiYWRhZDA2N2E0YWM1OTZkM2U4ODk0MTVlNjFjYSIsInVzZXJfaWQiOiIxIn0.IehVO7K7Vcg2mIu_DyRyoa_ylobiBeVlyHlr_x0Lej8", "created_at": "2026-02-24T06:25:03.880Z", "expires_at": "2026-03-03T06:25:03Z"}}, {"model": "token_blacklist.outstandingtoken", "pk": 97, "fields": {"user": 1, "jti": "7bf04bbfce8b49f7a65f9cbc57eb4b68", "token": "eyJhbGciOiJIUzI1NiIsInR5cCI6IkpXVCJ9.eyJ0b2tlbl90eXBlIjoicmVmcmVzaCIsImV4cCI6MTc3MjUxOTEyNSwiaWF0IjoxNzcxOTE0MzI1LCJqdGkiOiI3YmYwNGJiZmNlOGI0OWY3YTY1ZjljYmM1N2ViNGI2OCIsInVzZXJfaWQiOiIxIn0.3hC6BvvoSzvHbgNZ3wtVyloFchMu3rwpyYYavpcBmvM", "created_at": "2026-02-24T06:25:25.541Z", "expires_at": "2026-03-03T06:25:25Z"}}, {"model": "token_blacklist.outstandingtoken", "pk": 98, "fields": {"user": 2, "jti": "f8e4d9ac2ad741e8ae8d120676a0d6c6", "token": "eyJhbGciOiJIUzI1NiIsInR5cCI6IkpXVCJ9.eyJ0b2tlbl90eXBlIjoicmVmcmVzaCIsImV4cCI6MTc3MjUxOTE1MiwiaWF0IjoxNzcxOTE0MzUyLCJqdGkiOiJmOGU0ZDlhYzJhZDc0MWU4YWU4ZDEyMDY3NmEwZDZjNiIsInVzZXJfaWQiOiIyIn0.MtgciJbnLpDBj_8PneBQFSi4Bsgd_d80UyKwHki27YU", "created_at": "2026-02-24T06:25:52.013Z", "expires_at": "2026-03-03T06:25:52Z"}}, {"model": "token_blacklist.outstandingtoken", "pk": 99, "fields": {"user": 1, "jti": "c0ef3230310e4431bdc179adfdd40e80", "token": "eyJhbGciOiJIUzI1NiIsInR5cCI6IkpXVCJ9.eyJ0b2tlbl90eXBlIjoicmVmcmVzaCIsImV4cCI6MTc3MjUyNjQ1NywiaWF0IjoxNzcxOTIxNjU3LCJqdGkiOiJjMGVmMzIzMDMxMGU0NDMxYmRjMTc5YWRmZGQ0MGU4MCIsInVzZXJfaWQiOiIxIn0.-14jiae9_vH2uYJiyG-mmTy-CXj_LFP4FBYcrdcMbEw", "created_at": "2026-02-24T08:27:37.722Z", "expires_at": "2026-03-03T08:27:37Z"}}, {"model": "token_blacklist.outstandingtoken", "pk": 100, "fields": {"user": 2, "jti": "2bb3383d2e98487a90ed54412bf88e76", "token": "eyJhbGciOiJIUzI1NiIsInR5cCI6IkpXVCJ9.eyJ0b2tlbl90eXBlIjoicmVmcmVzaCIsImV4cCI6MTc3MjUyNjU5MywiaWF0IjoxNzcxOTIxNzkzLCJqdGkiOiIyYmIzMzgzZDJlOTg0ODdhOTBlZDU0NDEyYmY4OGU3NiIsInVzZXJfaWQiOiIyIn0.uhoyBfy6uqfNHelgZ9ZC6W-7J2hKbjEzv8nZcfU6ATI", "created_at": "2026-02-24T08:29:53.828Z", "expires_at": "2026-03-03T08:29:53Z"}}, {"model": "token_blacklist.outstandingtoken", "pk": 101, "fields": {"user": 7, "jti": "47f5d254541a4aea8b27d2c439037baf", "token": "eyJhbGciOiJIUzI1NiIsInR5cCI6IkpXVCJ9.eyJ0b2tlbl90eXBlIjoicmVmcmVzaCIsImV4cCI6MTc3MjU0MzAyNSwiaWF0IjoxNzcxOTM4MjI1LCJqdGkiOiI0N2Y1ZDI1NDU0MWE0YWVhOGIyN2QyYzQzOTAzN2JhZiIsInVzZXJfaWQiOiI3In0.QOnw_pnER9HdmC-XC0hqIdKzPidUkMg-k_qb_bLNr8A", "created_at": "2026-02-24T13:03:45.754Z", "expires_at": "2026-03-03T13:03:45Z"}}, {"model": "token_blacklist.outstandingtoken", "pk": 102, "fields": {"user": 7, "jti": "3ae674a1478548a08fc4d9b746530d52", "token": "eyJhbGciOiJIUzI1NiIsInR5cCI6IkpXVCJ9.eyJ0b2tlbl90eXBlIjoicmVmcmVzaCIsImV4cCI6MTc3MjU0MzA0OCwiaWF0IjoxNzcxOTM4MjQ4LCJqdGkiOiIzYWU2NzRhMTQ3ODU0OGEwOGZjNGQ5Yjc0NjUzMGQ1MiIsInVzZXJfaWQiOiI3In0.NYeExeTAB-XVxYqA3rdXZ8bGkBcJw_s-xcB2XllaU-A", "created_at": "2026-02-24T13:04:08.180Z", "expires_at": "2026-03-03T13:04:08Z"}}, {"model": "token_blacklist.outstandingtoken", "pk": 103, "fields": {"user": 7, "jti": "2323746952764a9aada7a86736529ff5", "token": "eyJhbGciOiJIUzI1NiIsInR5cCI6IkpXVCJ9.eyJ0b2tlbl90eXBlIjoicmVmcmVzaCIsImV4cCI6MTc3MjU0MzA5NCwiaWF0IjoxNzcxOTM4Mjk0LCJqdGkiOiIyMzIzNzQ2OTUyNzY0YTlhYWRhN2E4NjczNjUyOWZmNSIsInVzZXJfaWQiOiI3In0.ybAsNmda0zYkELkarGN3SRin_V2MaoI0GJOeNdwdo94", "created_at": "2026-02-24T13:04:54.870Z", "expires_at": "2026-03-03T13:04:54Z"}}, {"model": "token_blacklist.outstandingtoken", "pk": 104, "fields": {"user": 7, "jti": "51b29d9430d34ef5ad28ebeaa70f4ad5", "token": "eyJhbGciOiJIUzI1NiIsInR5cCI6IkpXVCJ9.eyJ0b2tlbl90eXBlIjoicmVmcmVzaCIsImV4cCI6MTc3MjU0MzEwNywiaWF0IjoxNzcxOTM4MzA3LCJqdGkiOiI1MWIyOWQ5NDMwZDM0ZWY1YWQyOGViZWFhNzBmNGFkNSIsInVzZXJfaWQiOiI3In0.5kFz7gM7j3_ePmhD_iJ2H1UjiFcixSpd0_-hnxShj6g", "created_at": "2026-02-24T13:05:07.825Z", "expires_at": "2026-03-03T13:05:07Z"}}, {"model": "token_blacklist.outstandingtoken", "pk": 105, "fields": {"user": 7, "jti": "575547dbc3b74b4a8ca0b4ac0831c30a", "token": "eyJhbGciOiJIUzI1NiIsInR5cCI6IkpXVCJ9.eyJ0b2tlbl90eXBlIjoicmVmcmVzaCIsImV4cCI6MTc3MjU0MzcyNywiaWF0IjoxNzcxOTM4OTI3LCJqdGkiOiI1NzU1NDdkYmMzYjc0YjRhOGNhMGI0YWMwODMxYzMwYSIsInVzZXJfaWQiOiI3In0.bCDNMfmkqNm8DQ3m_n7wQBZgXiTTcGnBy4Kd8Nio33I", "created_at": "2026-02-24T13:15:27.857Z", "expires_at": "2026-03-03T13:15:27Z"}}, {"model": "token_blacklist.outstandingtoken", "pk": 106, "fields": {"user": 7, "jti": "a66b80cb3f0348deb63a8663b1451192", "token": "eyJhbGciOiJIUzI1NiIsInR5cCI6IkpXVCJ9.eyJ0b2tlbl90eXBlIjoicmVmcmVzaCIsImV4cCI6MTc3MjU0NDQ2MCwiaWF0IjoxNzcxOTM5NjYwLCJqdGkiOiJhNjZiODBjYjNmMDM0OGRlYjYzYTg2NjNiMTQ1MTE5MiIsInVzZXJfaWQiOiI3In0.EDAXIzAIt7us1DylJFzYFmu3DSg4iuhJ5AonxsTRPHE", "created_at": "2026-02-24T13:27:40.202Z", "expires_at": "2026-03-03T13:27:40Z"}}, {"model": "token_blacklist.outstandingtoken", "pk": 107, "fields": {"user": 7, "jti": "49a8f9ac0e8f407b977bd0dae9765deb", "token": "eyJhbGciOiJIUzI1NiIsInR5cCI6IkpXVCJ9.eyJ0b2tlbl90eXBlIjoicmVmcmVzaCIsImV4cCI6MTc3MjU1MTA5MiwiaWF0IjoxNzcxOTQ2MjkyLCJqdGkiOiI0OWE4ZjlhYzBlOGY0MDdiOTc3YmQwZGFlOTc2NWRlYiIsInVzZXJfaWQiOiI3In0.saPeZe-MZFj6eFDbe9HvKphEU-qGJG5xoY4xBoECnyE", "created_at": "2026-02-24T15:18:12.354Z", "expires_at": "2026-03-03T15:18:12Z"}}, {"model": "token_blacklist.outstandingtoken", "pk": 108, "fields": {"user": 7, "jti": "85fac21eb4de4a0c8e7e35f3b91d1cd3", "token": "eyJhbGciOiJIUzI1NiIsInR5cCI6IkpXVCJ9.eyJ0b2tlbl90eXBlIjoicmVmcmVzaCIsImV4cCI6MTc3MjU1MTU5MSwiaWF0IjoxNzcxOTQ2NzkxLCJqdGkiOiI4NWZhYzIxZWI0ZGU0YTBjOGU3ZTM1ZjNiOTFkMWNkMyIsInVzZXJfaWQiOiI3In0.CkpKxCZTfQmdtz_RppoAnLuXUJOY09QJcU8ZJ1uJP4I", "created_at": "2026-02-24T15:26:31.112Z", "expires_at": "2026-03-03T15:26:31Z"}}, {"model": "token_blacklist.outstandingtoken", "pk": 109, "fields": {"user": 2, "jti": "c16fadff16c54721bdcc9a2f8ebde6af", "token": "eyJhbGciOiJIUzI1NiIsInR5cCI6IkpXVCJ9.eyJ0b2tlbl90eXBlIjoicmVmcmVzaCIsImV4cCI6MTc3MjU1MjkxNiwiaWF0IjoxNzcxOTQ4MTE2LCJqdGkiOiJjMTZmYWRmZjE2YzU0NzIxYmRjYzlhMmY4ZWJkZTZhZiIsInVzZXJfaWQiOiIyIn0.4q9wUKzrlTeEDwV7mFldS0Q0TJzk3CcQLx4mpQ-gc2w", "created_at": "2026-02-24T15:48:36.911Z", "expires_at": "2026-03-03T15:48:36Z"}}, {"model": "token_blacklist.outstandingtoken", "pk": 110, "fields": {"user": 7, "jti": "9bd6d4260efc448a8d69f80af917c806", "token": "eyJhbGciOiJIUzI1NiIsInR5cCI6IkpXVCJ9.eyJ0b2tlbl90eXBlIjoicmVmcmVzaCIsImV4cCI6MTc3MjU1Mzg4MSwiaWF0IjoxNzcxOTQ5MDgxLCJqdGkiOiI5YmQ2ZDQyNjBlZmM0NDhhOGQ2OWY4MGFmOTE3YzgwNiIsInVzZXJfaWQiOiI3In0.sQ565cT-5gqc98xceeWB-wN7aAD5DMdlSxFANVOXnVo", "created_at": "2026-02-24T16:04:41.370Z", "expires_at": "2026-03-03T16:04:41Z"}}, {"model": "token_blacklist.outstandingtoken", "pk": 111, "fields": {"user": 7, "jti": "65f4ed5687b349849542eb4261d11370", "token": "eyJhbGciOiJIUzI1NiIsInR5cCI6IkpXVCJ9.eyJ0b2tlbl90eXBlIjoicmVmcmVzaCIsImV4cCI6MTc3MjU1NjA1MCwiaWF0IjoxNzcxOTUxMjUwLCJqdGkiOiI2NWY0ZWQ1Njg3YjM0OTg0OTU0MmViNDI2MWQxMTM3MCIsInVzZXJfaWQiOiI3In0.5LtldRq3hnNpsyT8cnmekQ1sW6b2cirwGI6LAX-9hx0", "created_at": "2026-02-24T16:40:50.979Z", "expires_at": "2026-03-03T16:40:50Z"}}, {"model": "token_blacklist.outstandingtoken", "pk": 112, "fields": {"user": 8, "jti": "da9d40e69abc403a92e62a3ef7ff882e", "token": "eyJhbGciOiJIUzI1NiIsInR5cCI6IkpXVCJ9.eyJ0b2tlbl90eXBlIjoicmVmcmVzaCIsImV4cCI6MTc3MjU3MzQwMywiaWF0IjoxNzcxOTY4NjAzLCJqdGkiOiJkYTlkNDBlNjlhYmM0MDNhOTJlNjJhM2VmN2ZmODgyZSIsInVzZXJfaWQiOiI4In0.EeSdwGQizFexsZq8GC39Ai-ZbTb6lveXe1x_me2afcI", "created_at": "2026-02-24T21:30:03.735Z", "expires_at": "2026-03-03T21:30:03Z"}}, {"model": "token_blacklist.outstandingtoken", "pk": 113, "fields": {"user": 8, "jti": "e636ca5a43064fc7938d368385b5ca17", "token": "eyJhbGciOiJIUzI1NiIsInR5cCI6IkpXVCJ9.eyJ0b2tlbl90eXBlIjoicmVmcmVzaCIsImV4cCI6MTc3MjU3MzY3OSwiaWF0IjoxNzcxOTY4ODc5LCJqdGkiOiJlNjM2Y2E1YTQzMDY0ZmM3OTM4ZDM2ODM4NWI1Y2ExNyIsInVzZXJfaWQiOiI4In0.H2ZCfa4ChXYMsTRRyA_roLzc6_t8kT0QGUWo-xJEwPk", "created_at": "2026-02-24T21:34:39.956Z", "expires_at": "2026-03-03T21:34:39Z"}}, {"model": "token_blacklist.outstandingtoken", "pk": 114, "fields": {"user": 8, "jti": "1f3364454295437c86949a00c6b432c6", "token": "eyJhbGciOiJIUzI1NiIsInR5cCI6IkpXVCJ9.eyJ0b2tlbl90eXBlIjoicmVmcmVzaCIsImV4cCI6MTc3MjU3MzcyMSwiaWF0IjoxNzcxOTY4OTIxLCJqdGkiOiIxZjMzNjQ0NTQyOTU0MzdjODY5NDlhMDBjNmI0MzJjNiIsInVzZXJfaWQiOiI4In0.tMSv3s-hXyLL36PhhjZIl3L0m3fctN3FjYJelzNnjLQ", "created_at": "2026-02-24T21:35:21.808Z", "expires_at": "2026-03-03T21:35:21Z"}}, {"model": "token_blacklist.outstandingtoken", "pk": 115, "fields": {"user": 2, "jti": "6a46fbe44b4e48a98c28e3291d224fcf", "token": "eyJhbGciOiJIUzI1NiIsInR5cCI6IkpXVCJ9.eyJ0b2tlbl90eXBlIjoicmVmcmVzaCIsImV4cCI6MTc3MjY5Njg1OCwiaWF0IjoxNzcyMDkyMDU4LCJqdGkiOiI2YTQ2ZmJlNDRiNGU0OGE5OGMyOGUzMjkxZDIyNGZjZiIsInVzZXJfaWQiOiIyIn0.BNa7g1aQwUKyE1potVYSedQjR78Lxysykz5SzLZjIgs", "created_at": "2026-02-26T07:47:38.706Z", "expires_at": "2026-03-05T07:47:38Z"}}, {"model": "token_blacklist.outstandingtoken", "pk": 116, "fields": {"user": 2, "jti": "4b50436df3304efda2ee9a6fbfb76a12", "token": "eyJhbGciOiJIUzI1NiIsInR5cCI6IkpXVCJ9.eyJ0b2tlbl90eXBlIjoicmVmcmVzaCIsImV4cCI6MTc3MjY5NzM0NCwiaWF0IjoxNzcyMDkyNTQ0LCJqdGkiOiI0YjUwNDM2ZGYzMzA0ZWZkYTJlZTlhNmZiZmI3NmExMiIsInVzZXJfaWQiOiIyIn0.CQZH8NuMvdRjtdbVF6CIZB4R3WJ8xhYBV89naAKalHY", "created_at": "2026-02-26T07:55:44.384Z", "expires_at": "2026-03-05T07:55:44Z"}}, {"model": "token_blacklist.outstandingtoken", "pk": 117, "fields": {"user": 4, "jti": "6c8688cd5dd642aaae1fa66b3916aea4", "token": "eyJhbGciOiJIUzI1NiIsInR5cCI6IkpXVCJ9.eyJ0b2tlbl90eXBlIjoicmVmcmVzaCIsImV4cCI6MTc3MjcwMjkwNSwiaWF0IjoxNzcyMDk4MTA1LCJqdGkiOiI2Yzg2ODhjZDVkZDY0MmFhYWUxZmE2NmIzOTE2YWVhNCIsInVzZXJfaWQiOiI0In0.zbfAqPvkcsJvPtv65eoN99wAOKZ5qTBBT_qKMQynFm8", "created_at": "2026-02-26T09:28:25.651Z", "expires_at": "2026-03-05T09:28:25Z"}}, {"model": "token_blacklist.outstandingtoken", "pk": 118, "fields": {"user": 2, "jti": "d65002239203487e9c351f7e6858d22c", "token": "eyJhbGciOiJIUzI1NiIsInR5cCI6IkpXVCJ9.eyJ0b2tlbl90eXBlIjoicmVmcmVzaCIsImV4cCI6MTc3MjcwNTUxNiwiaWF0IjoxNzcyMTAwNzE2LCJqdGkiOiJkNjUwMDIyMzkyMDM0ODdlOWMzNTFmN2U2ODU4ZDIyYyIsInVzZXJfaWQiOiIyIn0.EbiOQ3pfD3ORyUMWpufDEL8zKi0Zv33nn7M55ExZnVU", "created_at": "2026-02-26T10:11:56.820Z", "expires_at": "2026-03-05T10:11:56Z"}}, {"model": "token_blacklist.outstandingtoken", "pk": 119, "fields": {"user": 4, "jti": "fded6858e54947678baf775638b2d316", "token": "eyJhbGciOiJIUzI1NiIsInR5cCI6IkpXVCJ9.eyJ0b2tlbl90eXBlIjoicmVmcmVzaCIsImV4cCI6MTc3MjcwNTU4NSwiaWF0IjoxNzcyMTAwNzg1LCJqdGkiOiJmZGVkNjg1OGU1NDk0NzY3OGJhZjc3NTYzOGIyZDMxNiIsInVzZXJfaWQiOiI0In0.yZFwoeCmu1IUrupb90iZQ7E9pMC-vc9szkjcVoSH1fc", "created_at": "2026-02-26T10:13:05.937Z", "expires_at": "2026-03-05T10:13:05Z"}}, {"model": "token_blacklist.outstandingtoken", "pk": 120, "fields": {"user": 4, "jti": "e85f3b6a3bb64a18b8aeb03aeae34310", "token": "eyJhbGciOiJIUzI1NiIsInR5cCI6IkpXVCJ9.eyJ0b2tlbl90eXBlIjoicmVmcmVzaCIsImV4cCI6MTc3MjcwNTk2NiwiaWF0IjoxNzcyMTAxMTY2LCJqdGkiOiJlODVmM2I2YTNiYjY0YTE4YjhhZWIwM2FlYWUzNDMxMCIsInVzZXJfaWQiOiI0In0.mt8iDM54HnnPwdvDLtLEExUWfxcm1ZI__oaTgB06bcI", "created_at": "2026-02-26T10:19:26.176Z", "expires_at": "2026-03-05T10:19:26Z"}}, {"model": "token_blacklist.outstandingtoken", "pk": 121, "fields": {"user": 4, "jti": "1ad866896753497190746c45b705452b", "token": "eyJhbGciOiJIUzI1NiIsInR5cCI6IkpXVCJ9.eyJ0b2tlbl90eXBlIjoicmVmcmVzaCIsImV4cCI6MTc3MjcwNjMwNSwiaWF0IjoxNzcyMTAxNTA1LCJqdGkiOiIxYWQ4NjY4OTY3NTM0OTcxOTA3NDZjNDViNzA1NDUyYiIsInVzZXJfaWQiOiI0In0.9yUkSS544yiwyIVg2sdVpnGHp5eglRLdlmooGRwBi4w", "created_at": "2026-02-26T10:25:05.134Z", "expires_at": "2026-03-05T10:25:05Z"}}, {"model": "token_blacklist.outstandingtoken", "pk": 122, "fields": {"user": 2, "jti": "7a647b7487194eb3bd5897e7767f18b9", "token": "eyJhbGciOiJIUzI1NiIsInR5cCI6IkpXVCJ9.eyJ0b2tlbl90eXBlIjoicmVmcmVzaCIsImV4cCI6MTc3MjcwNzQ2MywiaWF0IjoxNzcyMTAyNjYzLCJqdGkiOiI3YTY0N2I3NDg3MTk0ZWIzYmQ1ODk3ZTc3NjdmMThiOSIsInVzZXJfaWQiOiIyIn0.boGhLdwOwABf1eK0AAfuoH0NGaqcieaTk1FXjn-50pk", "created_at": "2026-02-26T10:44:23.878Z", "expires_at": "2026-03-05T10:44:23Z"}}, {"model": "token_blacklist.outstandingtoken", "pk": 123, "fields": {"user": 7, "jti": "69513bbeafef44858f4a804fc4cf97b9", "token": "eyJhbGciOiJIUzI1NiIsInR5cCI6IkpXVCJ9.eyJ0b2tlbl90eXBlIjoicmVmcmVzaCIsImV4cCI6MTc3MjcwNzUxNiwiaWF0IjoxNzcyMTAyNzE2LCJqdGkiOiI2OTUxM2JiZWFmZWY0NDg1OGY0YTgwNGZjNGNmOTdiOSIsInVzZXJfaWQiOiI3In0.XI6MjN2rdf7kLcrI7_3G7pBhQ_3M1ljvbNQ2xRkq4n0", "created_at": "2026-02-26T10:45:16.946Z", "expires_at": "2026-03-05T10:45:16Z"}}, {"model": "token_blacklist.outstandingtoken", "pk": 124, "fields": {"user": 8, "jti": "a7d8d9cbaeb346eabd341c79dc89271a", "token": "eyJhbGciOiJIUzI1NiIsInR5cCI6IkpXVCJ9.eyJ0b2tlbl90eXBlIjoicmVmcmVzaCIsImV4cCI6MTc3MjcwNzg0NywiaWF0IjoxNzcyMTAzMDQ3LCJqdGkiOiJhN2Q4ZDljYmFlYjM0NmVhYmQzNDFjNzlkYzg5MjcxYSIsInVzZXJfaWQiOiI4In0.cgXa4sNUK5JrFBii60UER4zZI3nlfyJeXo5iLsWlklM", "created_at": "2026-02-26T10:50:47.913Z", "expires_at": "2026-03-05T10:50:47Z"}}, {"model": "token_blacklist.outstandingtoken", "pk": 125, "fields": {"user": 8, "jti": "3db5fc85d33b46e09a269e38777dd81c", "token": "eyJhbGciOiJIUzI1NiIsInR5cCI6IkpXVCJ9.eyJ0b2tlbl90eXBlIjoicmVmcmVzaCIsImV4cCI6MTc3MjcwOTIzOSwiaWF0IjoxNzcyMTA0NDM5LCJqdGkiOiIzZGI1ZmM4NWQzM2I0NmUwOWEyNjllMzg3NzdkZDgxYyIsInVzZXJfaWQiOiI4In0.sndmg7PXpY9e8ItPJu3hRdrtlUBUzMAI9j5ZK4oZfeM", "created_at": "2026-02-26T11:13:59.324Z", "expires_at": "2026-03-05T11:13:59Z"}}, {"model": "token_blacklist.outstandingtoken", "pk": 126, "fields": {"user": 4, "jti": "84c1676c51e4454b83255759dc9c52c4", "token": "eyJhbGciOiJIUzI1NiIsInR5cCI6IkpXVCJ9.eyJ0b2tlbl90eXBlIjoicmVmcmVzaCIsImV4cCI6MTc3MjcwOTUwNiwiaWF0IjoxNzcyMTA0NzA2LCJqdGkiOiI4NGMxNjc2YzUxZTQ0NTRiODMyNTU3NTlkYzljNTJjNCIsInVzZXJfaWQiOiI0In0.aDGt9TkZcigS9SJaonj9DLneiIunl2k55HWpLUKwlMg", "created_at": "2026-02-26T11:18:26.846Z", "expires_at": "2026-03-05T11:18:26Z"}}, {"model": "token_blacklist.outstandingtoken", "pk": 127, "fields": {"user": 8, "jti": "0f0e24ad868d464592c7a62d071bc30e", "token": "eyJhbGciOiJIUzI1NiIsInR5cCI6IkpXVCJ9.eyJ0b2tlbl90eXBlIjoicmVmcmVzaCIsImV4cCI6MTc3MjcwOTY5NCwiaWF0IjoxNzcyMTA0ODk0LCJqdGkiOiIwZjBlMjRhZDg2OGQ0NjQ1OTJjN2E2MmQwNzFiYzMwZSIsInVzZXJfaWQiOiI4In0.1UvZxw6mcvoI75pvGZmWHLoYIWxvQoF3ARlNNil2XE8", "created_at": "2026-02-26T11:21:34.504Z", "expires_at": "2026-03-05T11:21:34Z"}}, {"model": "token_blacklist.outstandingtoken", "pk": 128, "fields": {"user": 4, "jti": "b4ac2e66a3e94eb094b23899b9137996", "token": "eyJhbGciOiJIUzI1NiIsInR5cCI6IkpXVCJ9.eyJ0b2tlbl90eXBlIjoicmVmcmVzaCIsImV4cCI6MTc3MjcxMDE4MCwiaWF0IjoxNzcyMTA1MzgwLCJqdGkiOiJiNGFjMmU2NmEzZTk0ZWIwOTRiMjM4OTliOTEzNzk5NiIsInVzZXJfaWQiOiI0In0.UgYKF9W8oRrXmuKt0FxX5TXXy8hXv3U7ncchn-JTRBE", "created_at": "2026-02-26T11:29:40.602Z", "expires_at": "2026-03-05T11:29:40Z"}}, {"model": "token_blacklist.outstandingtoken", "pk": 129, "fields": {"user": 7, "jti": "97c512ff432544a6840b860576dc862b", "token": "eyJhbGciOiJIUzI1NiIsInR5cCI6IkpXVCJ9.eyJ0b2tlbl90eXBlIjoicmVmcmVzaCIsImV4cCI6MTc3MjcxMTQyMSwiaWF0IjoxNzcyMTA2NjIxLCJqdGkiOiI5N2M1MTJmZjQzMjU0NGE2ODQwYjg2MDU3NmRjODYyYiIsInVzZXJfaWQiOiI3In0.GrHjxpX6MmYbzv8txQ5sxKDTEbmKZ7o58yYRDBJr6x4", "created_at": "2026-02-26T11:50:21.864Z", "expires_at": "2026-03-05T11:50:21Z"}}, {"model": "token_blacklist.outstandingtoken", "pk": 130, "fields": {"user": 2, "jti": "18ce4ba0533149378b2d250e5cac4d93", "token": "eyJhbGciOiJIUzI1NiIsInR5cCI6IkpXVCJ9.eyJ0b2tlbl90eXBlIjoicmVmcmVzaCIsImV4cCI6MTc3MjcxMTk0NywiaWF0IjoxNzcyMTA3MTQ3LCJqdGkiOiIxOGNlNGJhMDUzMzE0OTM3OGIyZDI1MGU1Y2FjNGQ5MyIsInVzZXJfaWQiOiIyIn0.I2H2nHoHR14jUW2qt2eCnrC24HoQPDdmISts-wExBik", "created_at": "2026-02-26T11:59:07.431Z", "expires_at": "2026-03-05T11:59:07Z"}}, {"model": "token_blacklist.outstandingtoken", "pk": 131, "fields": {"user": 2, "jti": "6255b47a4b364395bd4b7e30a3d1dce5", "token": "eyJhbGciOiJIUzI1NiIsInR5cCI6IkpXVCJ9.eyJ0b2tlbl90eXBlIjoicmVmcmVzaCIsImV4cCI6MTc3MjczNTIyNywiaWF0IjoxNzcyMTMwNDI3LCJqdGkiOiI2MjU1YjQ3YTRiMzY0Mzk1YmQ0YjdlMzBhM2QxZGNlNSIsInVzZXJfaWQiOiIyIn0.dysao9HEdqYABUGmvpg-1LmCvyuqA3blOZU2l3ShD4E", "created_at": "2026-02-26T18:27:07.483Z", "expires_at": "2026-03-05T18:27:07Z"}}, {"model": "token_blacklist.outstandingtoken", "pk": 132, "fields": {"user": 2, "jti": "fd3d0fb80ba6464587dadeb2c3946f61", "token": "eyJhbGciOiJIUzI1NiIsInR5cCI6IkpXVCJ9.eyJ0b2tlbl90eXBlIjoicmVmcmVzaCIsImV4cCI6MTc3Mjg1ODU0NiwiaWF0IjoxNzcyMjUzNzQ2LCJqdGkiOiJmZDNkMGZiODBiYTY0NjQ1ODdkYWRlYjJjMzk0NmY2MSIsInVzZXJfaWQiOiIyIn0.bx8JMU5v3zKO3at2SKLC3OJjedk1HeWsrTh-A5l-rbg", "created_at": "2026-02-28T04:42:26.934Z", "expires_at": "2026-03-07T04:42:26Z"}}, {"model": "token_blacklist.outstandingtoken", "pk": 133, "fields": {"user": 4, "jti": "c7247ad2acc5449c9eab6ecb7d1d8b45", "token": "eyJhbGciOiJIUzI1NiIsInR5cCI6IkpXVCJ9.eyJ0b2tlbl90eXBlIjoicmVmcmVzaCIsImV4cCI6MTc3Mjg1ODYzNCwiaWF0IjoxNzcyMjUzODM0LCJqdGkiOiJjNzI0N2FkMmFjYzU0NDljOWVhYjZlY2I3ZDFkOGI0NSIsInVzZXJfaWQiOiI0In0.eDzagqJo0eIU0PCy47-MocqxgtukqTjjNuqb0fXbG4U", "created_at": "2026-02-28T04:43:54.618Z", "expires_at": "2026-03-07T04:43:54Z"}}, {"model": "token_blacklist.outstandingtoken", "pk": 134, "fields": {"user": 4, "jti": "a045325f77924f94a573d22f5d107b8e", "token": "eyJhbGciOiJIUzI1NiIsInR5cCI6IkpXVCJ9.eyJ0b2tlbl90eXBlIjoicmVmcmVzaCIsImV4cCI6MTc3Mjg2MDMzNSwiaWF0IjoxNzcyMjU1NTM1LCJqdGkiOiJhMDQ1MzI1Zjc3OTI0Zjk0YTU3M2QyMmY1ZDEwN2I4ZSIsInVzZXJfaWQiOiI0In0.fBlPfZnQnlL2J_LWsmYFVPkVazkwd-Uo0c52_k0BJ7c", "created_at": "2026-02-28T05:12:15.983Z", "expires_at": "2026-03-07T05:12:15Z"}}, {"model": "token_blacklist.outstandingtoken", "pk": 135, "fields": {"user": 7, "jti": "eb923f60582e4c768f8b3d9d1873736e", "token": "eyJhbGciOiJIUzI1NiIsInR5cCI6IkpXVCJ9.eyJ0b2tlbl90eXBlIjoicmVmcmVzaCIsImV4cCI6MTc3Mjg2MjUzNywiaWF0IjoxNzcyMjU3NzM3LCJqdGkiOiJlYjkyM2Y2MDU4MmU0Yzc2OGY4YjNkOWQxODczNzM2ZSIsInVzZXJfaWQiOiI3In0.MC38Sx1UYXZOuKskFJozGvg__GnDXdshl9SRMNub2F4", "created_at": "2026-02-28T05:48:57.698Z", "expires_at": "2026-03-07T05:48:57Z"}}, {"model": "token_blacklist.outstandingtoken", "pk": 136, "fields": {"user": 2, "jti": "d07e1223dcce4d25a4ce84f160838d45", "token": "eyJhbGciOiJIUzI1NiIsInR5cCI6IkpXVCJ9.eyJ0b2tlbl90eXBlIjoicmVmcmVzaCIsImV4cCI6MTc3Mjg2NDE3NywiaWF0IjoxNzcyMjU5Mzc3LCJqdGkiOiJkMDdlMTIyM2RjY2U0ZDI1YTRjZTg0ZjE2MDgzOGQ0NSIsInVzZXJfaWQiOiIyIn0.P6b0zrv3RyPxnSWj6C4hga3G7nraw21zVXoyrMmQdyY", "created_at": "2026-02-28T06:16:17.619Z", "expires_at": "2026-03-07T06:16:17Z"}}, {"model": "token_blacklist.outstandingtoken", "pk": 137, "fields": {"user": 2, "jti": "51c34a109f804f2e9b6e03a8a5c1a64e", "token": "eyJhbGciOiJIUzI1NiIsInR5cCI6IkpXVCJ9.eyJ0b2tlbl90eXBlIjoicmVmcmVzaCIsImV4cCI6MTc3Mjg2NDQxNiwiaWF0IjoxNzcyMjU5NjE2LCJqdGkiOiI1MWMzNGExMDlmODA0ZjJlOWI2ZTAzYThhNWMxYTY0ZSIsInVzZXJfaWQiOiIyIn0.OAdAzR7ZyU-oKYGCA8cTXEE6tkEIihoJItdvuyMgwXE", "created_at": "2026-02-28T06:20:16.541Z", "expires_at": "2026-03-07T06:20:16Z"}}, {"model": "token_blacklist.outstandingtoken", "pk": 138, "fields": {"user": 4, "jti": "948a31d0b29a46d7a77e99de89a67c95", "token": "eyJhbGciOiJIUzI1NiIsInR5cCI6IkpXVCJ9.eyJ0b2tlbl90eXBlIjoicmVmcmVzaCIsImV4cCI6MTc3Mjg2NDUxNCwiaWF0IjoxNzcyMjU5NzE0LCJqdGkiOiI5NDhhMzFkMGIyOWE0NmQ3YTc3ZTk5ZGU4OWE2N2M5NSIsInVzZXJfaWQiOiI0In0._lKN8fBImx797cXXh1OnsEdyiH3ETUwN_siq2j2yiiM", "created_at": "2026-02-28T06:21:54.229Z", "expires_at": "2026-03-07T06:21:54Z"}}, {"model": "token_blacklist.outstandingtoken", "pk": 139, "fields": {"user": 7, "jti": "35b96fd719714ccea3a88abedac74747", "token": "eyJhbGciOiJIUzI1NiIsInR5cCI6IkpXVCJ9.eyJ0b2tlbl90eXBlIjoicmVmcmVzaCIsImV4cCI6MTc3Mjg2NDkzOSwiaWF0IjoxNzcyMjYwMTM5LCJqdGkiOiIzNWI5NmZkNzE5NzE0Y2NlYTNhODhhYmVkYWM3NDc0NyIsInVzZXJfaWQiOiI3In0.MFGvCJmVzjaLFzjiglh6bUGBjqQUebo6Gbhv0-pp8mg", "created_at": "2026-02-28T06:28:59.878Z", "expires_at": "2026-03-07T06:28:59Z"}}, {"model": "token_blacklist.outstandingtoken", "pk": 140, "fields": {"user": 4, "jti": "07ba229082984f1a83c2ff894d72cabe", "token": "eyJhbGciOiJIUzI1NiIsInR5cCI6IkpXVCJ9.eyJ0b2tlbl90eXBlIjoicmVmcmVzaCIsImV4cCI6MTc3Mjg2NDk2MywiaWF0IjoxNzcyMjYwMTYzLCJqdGkiOiIwN2JhMjI5MDgyOTg0ZjFhODNjMmZmODk0ZDcyY2FiZSIsInVzZXJfaWQiOiI0In0.lVP6KhtTBwdtqXZ7xIMGlXIjHZDK1xUYtCjY_KD_1Fc", "created_at": "2026-02-28T06:29:23.272Z", "expires_at": "2026-03-07T06:29:23Z"}}, {"model": "token_blacklist.outstandingtoken", "pk": 141, "fields": {"user": 4, "jti": "80e1e5ba9010496ba4e07274a0cd03d1", "token": "eyJhbGciOiJIUzI1NiIsInR5cCI6IkpXVCJ9.eyJ0b2tlbl90eXBlIjoicmVmcmVzaCIsImV4cCI6MTc3Mjg2NTU4OCwiaWF0IjoxNzcyMjYwNzg4LCJqdGkiOiI4MGUxZTViYTkwMTA0OTZiYTRlMDcyNzRhMGNkMDNkMSIsInVzZXJfaWQiOiI0In0.RPEkoWoknF3G60KO8H4fG2dY-f6L0DfI49goQyhIdjs", "created_at": "2026-02-28T06:39:48.922Z", "expires_at": "2026-03-07T06:39:48Z"}}, {"model": "token_blacklist.outstandingtoken", "pk": 142, "fields": {"user": 7, "jti": "01e0b70f9b4e42a0a64490e72d33da49", "token": "eyJhbGciOiJIUzI1NiIsInR5cCI6IkpXVCJ9.eyJ0b2tlbl90eXBlIjoicmVmcmVzaCIsImV4cCI6MTc3Mjg2NTYxNCwiaWF0IjoxNzcyMjYwODE0LCJqdGkiOiIwMWUwYjcwZjliNGU0MmEwYTY0NDkwZTcyZDMzZGE0OSIsInVzZXJfaWQiOiI3In0.yCDCM5SHwG4ll4-SNIJzbNP44hbvtLuaRE8ZyRufB9M", "created_at": "2026-02-28T06:40:14.938Z", "expires_at": "2026-03-07T06:40:14Z"}}, {"model": "token_blacklist.outstandingtoken", "pk": 143, "fields": {"user": 4, "jti": "5aff686f7b9f4aa6862c0351468c271b", "token": "eyJhbGciOiJIUzI1NiIsInR5cCI6IkpXVCJ9.eyJ0b2tlbl90eXBlIjoicmVmcmVzaCIsImV4cCI6MTc3Mjg2NTY2NCwiaWF0IjoxNzcyMjYwODY0LCJqdGkiOiI1YWZmNjg2ZjdiOWY0YWE2ODYyYzAzNTE0NjhjMjcxYiIsInVzZXJfaWQiOiI0In0.lJ26BLydU992NvMyJBKfGoAWN9vLIueLGB_izrd0Hq4", "created_at": "2026-02-28T06:41:04.518Z", "expires_at": "2026-03-07T06:41:04Z"}}, {"model": "token_blacklist.outstandingtoken", "pk": 144, "fields": {"user": 7, "jti": "c0aa663b24c3470d8acbbcad5029fd85", "token": "eyJhbGciOiJIUzI1NiIsInR5cCI6IkpXVCJ9.eyJ0b2tlbl90eXBlIjoicmVmcmVzaCIsImV4cCI6MTc3Mjg2NTcyNCwiaWF0IjoxNzcyMjYwOTI0LCJqdGkiOiJjMGFhNjYzYjI0YzM0NzBkOGFjYmJjYWQ1MDI5ZmQ4NSIsInVzZXJfaWQiOiI3In0.oyDALKLQGG7PgBsvukua19QaHaiTUimf0jDEUwhUsbE", "created_at": "2026-02-28T06:42:04.990Z", "expires_at": "2026-03-07T06:42:04Z"}}, {"model": "token_blacklist.outstandingtoken", "pk": 145, "fields": {"user": 2, "jti": "9ec6b7744e8447e9929d958c2c524162", "token": "eyJhbGciOiJIUzI1NiIsInR5cCI6IkpXVCJ9.eyJ0b2tlbl90eXBlIjoicmVmcmVzaCIsImV4cCI6MTc3Mjk4ODgzNSwiaWF0IjoxNzcyMzg0MDM1LCJqdGkiOiI5ZWM2Yjc3NDRlODQ0N2U5OTI5ZDk1OGMyYzUyNDE2MiIsInVzZXJfaWQiOiIyIn0.xfLDUnCBiP3Q3UpfU5KNJOwlzqdYM7GhNKPUBQ59Mro", "created_at": "2026-03-01T16:53:55.475Z", "expires_at": "2026-03-08T16:53:55Z"}}, {"model": "token_blacklist.outstandingtoken", "pk": 146, "fields": {"user": 2, "jti": "d90c95b46d8842ad9e078c7d52b679d9", "token": "eyJhbGciOiJIUzI1NiIsInR5cCI6IkpXVCJ9.eyJ0b2tlbl90eXBlIjoicmVmcmVzaCIsImV4cCI6MTc3Mjk4ODg1OCwiaWF0IjoxNzcyMzg0MDU4LCJqdGkiOiJkOTBjOTViNDZkODg0MmFkOWUwNzhjN2Q1MmI2NzlkOSIsInVzZXJfaWQiOiIyIn0.DmlJWO3XJvE7m9nDDrGPrPtjea_4bN5mkhR82c2fjPg", "created_at": "2026-03-01T16:54:18.516Z", "expires_at": "2026-03-08T16:54:18Z"}}, {"model": "token_blacklist.outstandingtoken", "pk": 147, "fields": {"user": 2, "jti": "df063ab8409c425687f7614df0db9232", "token": "eyJhbGciOiJIUzI1NiIsInR5cCI6IkpXVCJ9.eyJ0b2tlbl90eXBlIjoicmVmcmVzaCIsImV4cCI6MTc3Mjk4ODg2NiwiaWF0IjoxNzcyMzg0MDY2LCJqdGkiOiJkZjA2M2FiODQwOWM0MjU2ODdmNzYxNGRmMGRiOTIzMiIsInVzZXJfaWQiOiIyIn0.Rym5L7M-CQVgmXZPxxLJ_lE9f8ZumCL4a3smbBFickI", "created_at": "2026-03-01T16:54:26.248Z", "expires_at": "2026-03-08T16:54:26Z"}}, {"model": "token_blacklist.outstandingtoken", "pk": 148, "fields": {"user": 2, "jti": "cf018b67460e487eb440c9f98ace062f", "token": "eyJhbGciOiJIUzI1NiIsInR5cCI6IkpXVCJ9.eyJ0b2tlbl90eXBlIjoicmVmcmVzaCIsImV4cCI6MTc3Mjk4ODg3NSwiaWF0IjoxNzcyMzg0MDc1LCJqdGkiOiJjZjAxOGI2NzQ2MGU0ODdlYjQ0MGM5Zjk4YWNlMDYyZiIsInVzZXJfaWQiOiIyIn0.sFZSy4mW7xFHx3Hnoch8vWxQUx5G1aAg8FgQkOkTxJg", "created_at": "2026-03-01T16:54:35.734Z", "expires_at": "2026-03-08T16:54:35Z"}}, {"model": "token_blacklist.outstandingtoken", "pk": 149, "fields": {"user": 2, "jti": "fdd71ab23ba64f64812311a51ec6c75b", "token": "eyJhbGciOiJIUzI1NiIsInR5cCI6IkpXVCJ9.eyJ0b2tlbl90eXBlIjoicmVmcmVzaCIsImV4cCI6MTc3Mjk4ODg4NSwiaWF0IjoxNzcyMzg0MDg1LCJqdGkiOiJmZGQ3MWFiMjNiYTY0ZjY0ODEyMzExYTUxZWM2Yzc1YiIsInVzZXJfaWQiOiIyIn0.-UJZW6rAXR3fs5651tPss58XSRNTPN851bEKjbTPzMc", "created_at": "2026-03-01T16:54:45.654Z", "expires_at": "2026-03-08T16:54:45Z"}}, {"model": "token_blacklist.outstandingtoken", "pk": 150, "fields": {"user": 5, "jti": "9539094477184687b581210e5eaadb65", "token": "eyJhbGciOiJIUzI1NiIsInR5cCI6IkpXVCJ9.eyJ0b2tlbl90eXBlIjoicmVmcmVzaCIsImV4cCI6MTc3Mjk4OTM5NSwiaWF0IjoxNzcyMzg0NTk1LCJqdGkiOiI5NTM5MDk0NDc3MTg0Njg3YjU4MTIxMGU1ZWFhZGI2NSIsInVzZXJfaWQiOiI1In0.dMFF96xEgvD1SndeW_khSYVfhRpK9pkc4SR9LSL6OGw", "created_at": "2026-03-01T17:03:15.451Z", "expires_at": "2026-03-08T17:03:15Z"}}, {"model": "token_blacklist.outstandingtoken", "pk": 151, "fields": {"user": 5, "jti": "5da02a2d76c04af2b35deaf6c9cba091", "token": "eyJhbGciOiJIUzI1NiIsInR5cCI6IkpXVCJ9.eyJ0b2tlbl90eXBlIjoicmVmcmVzaCIsImV4cCI6MTc3Mjk4OTQwOSwiaWF0IjoxNzcyMzg0NjA5LCJqdGkiOiI1ZGEwMmEyZDc2YzA0YWYyYjM1ZGVhZjZjOWNiYTA5MSIsInVzZXJfaWQiOiI1In0.aSMyy_Gq9uHvKuPqKr7rKPa8pjWvGMW3Oku0eT38TWQ", "created_at": "2026-03-01T17:03:29.958Z", "expires_at": "2026-03-08T17:03:29Z"}}, {"model": "token_blacklist.outstandingtoken", "pk": 152, "fields": {"user": 5, "jti": "aef7b8c5469d43f7b8fc58056796b953", "token": "eyJhbGciOiJIUzI1NiIsInR5cCI6IkpXVCJ9.eyJ0b2tlbl90eXBlIjoicmVmcmVzaCIsImV4cCI6MTc3Mjk4OTQzMywiaWF0IjoxNzcyMzg0NjMzLCJqdGkiOiJhZWY3YjhjNTQ2OWQ0M2Y3YjhmYzU4MDU2Nzk2Yjk1MyIsInVzZXJfaWQiOiI1In0.6pgsm0o93MMZ6eZBTW2JRJDO-iAEKBRgdeBKAf3uYKo", "created_at": "2026-03-01T17:03:53.492Z", "expires_at": "2026-03-08T17:03:53Z"}}, {"model": "token_blacklist.outstandingtoken", "pk": 153, "fields": {"user": 5, "jti": "bbc743968c464a2fa41477737ee091c7", "token": "eyJhbGciOiJIUzI1NiIsInR5cCI6IkpXVCJ9.eyJ0b2tlbl90eXBlIjoicmVmcmVzaCIsImV4cCI6MTc3Mjk5MzQ3NSwiaWF0IjoxNzcyMzg4Njc1LCJqdGkiOiJiYmM3NDM5NjhjNDY0YTJmYTQxNDc3NzM3ZWUwOTFjNyIsInVzZXJfaWQiOiI1In0.X9lbbaMGJ1ig1I-JXWa_RGiGrowwEsBlBCvvOygem5Q", "created_at": "2026-03-01T18:11:15.446Z", "expires_at": "2026-03-08T18:11:15Z"}}, {"model": "token_blacklist.outstandingtoken", "pk": 154, "fields": {"user": 5, "jti": "56b24891f6af42a68ca4553b920936c2", "token": "eyJhbGciOiJIUzI1NiIsInR5cCI6IkpXVCJ9.eyJ0b2tlbl90eXBlIjoicmVmcmVzaCIsImV4cCI6MTc3Mjk5MzU0MiwiaWF0IjoxNzcyMzg4NzQyLCJqdGkiOiI1NmIyNDg5MWY2YWY0MmE2OGNhNDU1M2I5MjA5MzZjMiIsInVzZXJfaWQiOiI1In0.O0Bw1RT-S0YhyI_kGQJMkUbt4IIL7PR3yQXAytaQhsg", "created_at": "2026-03-01T18:12:22.975Z", "expires_at": "2026-03-08T18:12:22Z"}}, {"model": "token_blacklist.outstandingtoken", "pk": 155, "fields": {"user": 5, "jti": "19286f52b73240099c19d8119799b212", "token": "eyJhbGciOiJIUzI1NiIsInR5cCI6IkpXVCJ9.eyJ0b2tlbl90eXBlIjoicmVmcmVzaCIsImV4cCI6MTc3Mjk5MzU1MywiaWF0IjoxNzcyMzg4NzUzLCJqdGkiOiIxOTI4NmY1MmI3MzI0MDA5OWMxOWQ4MTE5Nzk5YjIxMiIsInVzZXJfaWQiOiI1In0.QUJGVRu6RwfIxI7selLuCjOtCkqI9M28jpOwiH9Epew", "created_at": "2026-03-01T18:12:33.409Z", "expires_at": "2026-03-08T18:12:33Z"}}, {"model": "token_blacklist.outstandingtoken", "pk": 156, "fields": {"user": 5, "jti": "e154e5b0243e43cca855f7d3a3173627", "token": "eyJhbGciOiJIUzI1NiIsInR5cCI6IkpXVCJ9.eyJ0b2tlbl90eXBlIjoicmVmcmVzaCIsImV4cCI6MTc3Mjk5MzY1MywiaWF0IjoxNzcyMzg4ODUzLCJqdGkiOiJlMTU0ZTViMDI0M2U0M2NjYTg1NWY3ZDNhMzE3MzYyNyIsInVzZXJfaWQiOiI1In0.Yx5pESr6RD9QihQIyX7G_2RAumX0ohRi9GqEIQae_ak", "created_at": "2026-03-01T18:14:13.159Z", "expires_at": "2026-03-08T18:14:13Z"}}, {"model": "token_blacklist.outstandingtoken", "pk": 157, "fields": {"user": 5, "jti": "ba471aa84501409daca82705ab9c091f", "token": "eyJhbGciOiJIUzI1NiIsInR5cCI6IkpXVCJ9.eyJ0b2tlbl90eXBlIjoicmVmcmVzaCIsImV4cCI6MTc3Mjk5Mzg0OCwiaWF0IjoxNzcyMzg5MDQ4LCJqdGkiOiJiYTQ3MWFhODQ1MDE0MDlkYWNhODI3MDVhYjljMDkxZiIsInVzZXJfaWQiOiI1In0.OMljNbk-_ulpes4l4IIEGq3FR_loaRZnOC8Z1zV72Dk", "created_at": "2026-03-01T18:17:28.905Z", "expires_at": "2026-03-08T18:17:28Z"}}, {"model": "token_blacklist.outstandingtoken", "pk": 158, "fields": {"user": 7, "jti": "0d4096dc689e410b90e7905234d39c2c", "token": "eyJhbGciOiJIUzI1NiIsInR5cCI6IkpXVCJ9.eyJ0b2tlbl90eXBlIjoicmVmcmVzaCIsImV4cCI6MTc3Mjk5Mzg4NCwiaWF0IjoxNzcyMzg5MDg0LCJqdGkiOiIwZDQwOTZkYzY4OWU0MTBiOTBlNzkwNTIzNGQzOWMyYyIsInVzZXJfaWQiOiI3In0.YZtxZypTEV38a7xx0c_2oXOMnVrmd-rc2kEM-7PLO_8", "created_at": "2026-03-01T18:18:04.574Z", "expires_at": "2026-03-08T18:18:04Z"}}, {"model": "token_blacklist.outstandingtoken", "pk": 159, "fields": {"user": 7, "jti": "4758a8e555d747c7b730992563cc446d", "token": "eyJhbGciOiJIUzI1NiIsInR5cCI6IkpXVCJ9.eyJ0b2tlbl90eXBlIjoicmVmcmVzaCIsImV4cCI6MTc3Mjk5NDk5NywiaWF0IjoxNzcyMzkwMTk3LCJqdGkiOiI0NzU4YThlNTU1ZDc0N2M3YjczMDk5MjU2M2NjNDQ2ZCIsInVzZXJfaWQiOiI3In0.k7qEABtVfYHl0i-Ux9cmt2flRm2LKrGgVHNPH6rawTA", "created_at": "2026-03-01T18:36:37.942Z", "expires_at": "2026-03-08T18:36:37Z"}}, {"model": "token_blacklist.outstandingtoken", "pk": 160, "fields": {"user": 7, "jti": "7709324886024f7cb37cf38b586ab287", "token": "eyJhbGciOiJIUzI1NiIsInR5cCI6IkpXVCJ9.eyJ0b2tlbl90eXBlIjoicmVmcmVzaCIsImV4cCI6MTc3MzQ3MDMzNywiaWF0IjoxNzcyODY1NTM3LCJqdGkiOiI3NzA5MzI0ODg2MDI0ZjdjYjM3Y2YzOGI1ODZhYjI4NyIsInVzZXJfaWQiOiI3In0.bVXHRSwAOiTC0lAJvmJcMYwA2lULedJ4UKyZ9P102Jw", "created_at": "2026-03-07T06:38:57.696Z", "expires_at": "2026-03-14T06:38:57Z"}}, {"model": "token_blacklist.outstandingtoken", "pk": 161, "fields": {"user": 5, "jti": "119e73f59677420789054422607cdf30", "token": "eyJhbGciOiJIUzI1NiIsInR5cCI6IkpXVCJ9.eyJ0b2tlbl90eXBlIjoicmVmcmVzaCIsImV4cCI6MTc3MzQ3MDM2MSwiaWF0IjoxNzcyODY1NTYxLCJqdGkiOiIxMTllNzNmNTk2Nzc0MjA3ODkwNTQ0MjI2MDdjZGYzMCIsInVzZXJfaWQiOiI1In0.L9ze94_An-fudbBG0n6c54vxl682HWzTfT5VBeq7ags", "created_at": "2026-03-07T06:39:21.409Z", "expires_at": "2026-03-14T06:39:21Z"}}, {"model": "token_blacklist.outstandingtoken", "pk": 162, "fields": {"user": 5, "jti": "ca309809945c47f997e42f2bb56e6295", "token": "eyJhbGciOiJIUzI1NiIsInR5cCI6IkpXVCJ9.eyJ0b2tlbl90eXBlIjoicmVmcmVzaCIsImV4cCI6MTc3MzQ3MDM3NiwiaWF0IjoxNzcyODY1NTc2LCJqdGkiOiJjYTMwOTgwOTk0NWM0N2Y5OTdlNDJmMmJiNTZlNjI5NSIsInVzZXJfaWQiOiI1In0.YGOz8B4xrQv3KJHhLj1hjfEZ-wH1TY4cLwivCBiPI94", "created_at": "2026-03-07T06:39:36.468Z", "expires_at": "2026-03-14T06:39:36Z"}}, {"model": "token_blacklist.outstandingtoken", "pk": 163, "fields": {"user": 5, "jti": "5c236f80f85a474d9c8e30d9b25914c6", "token": "eyJhbGciOiJIUzI1NiIsInR5cCI6IkpXVCJ9.eyJ0b2tlbl90eXBlIjoicmVmcmVzaCIsImV4cCI6MTc3MzQ3MDM5MCwiaWF0IjoxNzcyODY1NTkwLCJqdGkiOiI1YzIzNmY4MGY4NWE0NzRkOWM4ZTMwZDliMjU5MTRjNiIsInVzZXJfaWQiOiI1In0.HRtxBlhynvMhHx53yk04p5dP3xt5Ebpen8srzkSc7cA", "created_at": "2026-03-07T06:39:50.837Z", "expires_at": "2026-03-14T06:39:50Z"}}, {"model": "token_blacklist.outstandingtoken", "pk": 164, "fields": {"user": 4, "jti": "484b91c93f034d0d88ae035566188143", "token": "eyJhbGciOiJIUzI1NiIsInR5cCI6IkpXVCJ9.eyJ0b2tlbl90eXBlIjoicmVmcmVzaCIsImV4cCI6MTc3MzQ3MDQyMywiaWF0IjoxNzcyODY1NjIzLCJqdGkiOiI0ODRiOTFjOTNmMDM0ZDBkODhhZTAzNTU2NjE4ODE0MyIsInVzZXJfaWQiOiI0In0.CRvcNTLiWvo-cocYamXtvmazNygqH6ATSjB2-UasBIE", "created_at": "2026-03-07T06:40:23.480Z", "expires_at": "2026-03-14T06:40:23Z"}}, {"model": "token_blacklist.blacklistedtoken", "pk": 1, "fields": {"token": 124, "blacklisted_at": "2026-02-26T10:51:19.254Z"}}, {"model": "restaurants.restaurant", "pk": 7, "fields": {"owner": 7, "name": "Native Bombay", "description": "", "cuisine": "Multi-Cuisine", "phone": "9999999999", "email": "test@restaurant.com", "website": null, "address": "", "city": "Test City", "state": "Test State", "pincode": null, "gst_number": null, "fssai_number": null, "pan_number": null, "bank_account_name": null, "bank_account_number": null, "bank_ifsc": null, "bank_name": null, "instagram": null, "facebook": null, "status": "open", "rating": "4.5", "delivery_time": "30-40 min", "image_url": "https://img.delicious.com.au/G-2mxbOh/w1200/del/2022/08/parmesan-crumbed-chicken-schnitzel-fried-eggs-and-apple-cabbage-slaw-173352-2.jpg", "cover_image_url": "https://img.delicious.com.au/G-2mxbOh/w1200/del/2022/08/parmesan-crumbed-chicken-schnitzel-fried-eggs-and-apple-cabbage-slaw-173352-2.jpg", "created_at": "2026-02-24T13:03:38.487Z", "updated_at": "2026-03-04T09:39:53.058Z"}}, {"model": "restaurants.restaurant", "pk": 8, "fields": {"owner": null, "name": "The Nook", "description": "", "cuisine": "Desserts, Salad, Coffee", "phone": "7710079083", "email": null, "website": null, "address": "Desserts, Continental, Salad, Coffee, Finger Food, European, Cafe Shop 5 And 6, Ground Floor, ONGC Geliki Building, Reclamation, Bandra West, Mumbai", "city": null, "state": null, "pincode": "421306", "gst_number": null, "fssai_number": null, "pan_number": null, "bank_account_name": null, "bank_account_number": null, "bank_ifsc": null, "bank_name": null, "instagram": null, "facebook": null, "status": "open", "rating": "4.3", "delivery_time": "30-40 min", "image_url": "https://restaurantindia.s3.ap-south-1.amazonaws.com/s3fs-public/content6560.jpg", "cover_image_url": "https://restaurantindia.s3.ap-south-1.amazonaws.com/s3fs-public/content6560.jpg", "created_at": "2026-02-26T10:23:19.074Z", "updated_at": "2026-02-26T16:09:08.898Z"}}, {"model": "restaurants.restaurant", "pk": 9, "fields": {"owner": null, "name": "BANDRA BORN", "description": "", "cuisine": "Modern Indian, Desserts", "phone": "9372023641", "email": null, "website": null, "address": "Rose Minar, 87, Chapel Rd, Annexe, Reclamation, Bandra West, Mumbai, Maharashtra 400050", "city": null, "state": null, "pincode": null, "gst_number": null, "fssai_number": null, "pan_number": null, "bank_account_name": null, "bank_account_number": null, "bank_ifsc": null, "bank_name": null, "instagram": null, "facebook": null, "status": "open", "rating": "4.0", "delivery_time": "30-40 min", "image_url": "https://b.zmtcdn.com/data/pictures/3/21052783/7ea7cb4825d4026c25c07e8c86585f73.jpg", "cover_image_url": "https://b.zmtcdn.com/data/pictures/3/21052783/7ea7cb4825d4026c25c07e8c86585f73.jpg", "created_at": "2026-02-26T10:26:45.026Z", "updated_at": "2026-02-26T14:09:23.703Z"}}, {"model": "restaurants.category", "pk": 18, "fields": {"restaurant": 7, "name": "BURRATA BOWL"}}, {"model": "restaurants.category", "pk": 19, "fields": {"restaurant": 7, "name": "healthy"}}, {"model": "restaurants.category", "pk": 20, "fields": {"restaurant": 7, "name": "chicken"}}, {"model": "restaurants.category", "pk": 21, "fields": {"restaurant": 7, "name": "salads"}}, {"model": "restaurants.category", "pk": 22, "fields": {"restaurant": 7, "name": "soups"}}, {"model": "restaurants.menuitem", "pk": 67, "fields": {"restaurant": 7, "category": 19, "subcategory": null, "name": "BURRATA BOWL", "description": "", "price": "450.00", "original_price": null, "item_type": "veg", "item_image": "", "item_image_url": null, "is_available": true, "prep_time": "15 min", "spice_level": 1, "rating": "0.0", "order_count": 0, "created_at": "2026-02-26T18:57:01.832Z", "updated_at": "2026-02-26T18:57:01.832Z"}}, {"model": "restaurants.menuitem", "pk": 68, "fields": {"restaurant": 7, "category": 20, "subcategory": null, "name": "chicken dum hyderabadi biryani", "description": "", "price": "600.00", "original_price": null, "item_type": "non-veg", "item_image": "", "item_image_url": null, "is_available": true, "prep_time": "15 min", "spice_level": 1, "rating": "0.0", "order_count": 0, "created_at": "2026-02-26T19:03:52.326Z", "updated_at": "2026-02-26T19:03:52.326Z"}}, {"model": "restaurants.menuitem", "pk": 69, "fields": {"restaurant": 7, "category": 21, "subcategory": null, "name": "Bbq", "description": "", "price": "695.00", "original_price": null, "item_type": "non-veg", "item_image": "", "item_image_url": null, "is_available": true, "prep_time": "15 min", "spice_level": 1, "rating": "0.0", "order_count": 0, "created_at": "2026-02-26T19:07:59.656Z", "updated_at": "2026-02-26T19:07:59.656Z"}}, {"model": "restaurants.menuitem", "pk": 70, "fields": {"restaurant": 7, "category": 22, "subcategory": null, "name": "Nasik Tomato Soup", "description": "", "price": "495.00", "original_price": null, "item_type": "veg", "item_image": "", "item_image_url": null, "is_available": true, "prep_time": "15 min", "spice_level": 1, "rating": "0.0", "order_count": 0, "created_at": "2026-02-26T19:09:22.910Z", "updated_at": "2026-02-26T19:09:22.910Z"}}, {"model": "restaurants.menuitem", "pk": 71, "fields": {"restaurant": 7, "category": 21, "subcategory": null, "name": "Bombay Aloo Papdi Chaat", "description": "", "price": "745.00", "original_price": null, "item_type": "veg", "item_image": "", "item_image_url": null, "is_available": true, "prep_time": "15 min", "spice_level": 1, "rating": "0.0", "order_count": 0, "created_at": "2026-02-26T19:11:24.375Z", "updated_at": "2026-02-26T19:11:24.375Z"}}, {"model": "restaurants.menuitem", "pk": 72, "fields": {"restaurant": 7, "category": 22, "subcategory": null, "name": "Soup Of The Day", "description": "", "price": "545.00", "original_price": null, "item_type": "non-veg", "item_image": "", "item_image_url": null, "is_available": true, "prep_time": "15 min", "spice_level": 1, "rating": "0.0", "order_count": 0, "created_at": "2026-02-26T19:15:35.349Z", "updated_at": "2026-02-26T19:15:35.349Z"}}, {"model": "users.profile", "pk": 1, "fields": {"user": 1, "phone": "9890678922", "address": "xyz", "dob": "1998-09-29", "gender": "Male"}}, {"model": "users.profile", "pk": 2, "fields": {"user": 2, "phone": "916760000", "address": "home", "dob": "2004-06-18", "gender": "Female"}}, {"model": "users.profile", "pk": 3, "fields": {"user": 4, "phone": null, "address": null, "dob": null, "gender": null}}, {"model": "users.profile", "pk": 4, "fields": {"user": 5, "phone": null, "address": null, "dob": null, "gender": null}}, {"model": "users.profile", "pk": 5, "fields": {"user": 7, "phone": null, "address": null, "dob": null, "gender": null}}]
